date,open,high,low,close,volume,sentiment_mean,sentiment_min,sentiment_max,article_count,target,prev_sentiment,price_change_pct,prev_price_change_pct,sentiment_7d_avg
2024-01-02,2063.5,2073.699951171875,2057.10009765625,2064.39990234375,61,0.0,0.0,0.0,0.0,0,0.0,0.0,0.0,0.0
2024-01-03,2034.199951171875,2044.0,2034.199951171875,2034.199951171875,54,0.0,0.0,0.0,0.0,1,0.0,-0.01462892491788459,0.0,0.0
2024-01-04,2041.5999755859373,2044.5,2038.0,2042.300048828125,88,0.0,0.0,0.0,0.0,1,0.0,0.003981957452896312,-0.01462892491788459,0.0
2024-01-05,2044.5,2048.10009765625,2042.4000244140625,2042.4000244140625,12,0.0,0.0,0.0,0.0,0,0.0,4.895244750890981e-05,0.003981957452896312,0.0
2024-01-08,2019.0999755859373,2033.699951171875,2019.0999755859373,2026.5999755859373,10,0.0,0.0,0.0,0.0,0,0.0,-0.007736020681187616,4.895244750890981e-05,0.0
2024-01-09,2035.800048828125,2035.800048828125,2026.4000244140625,2026.4000244140625,27,0.0,0.0,0.0,0.0,0,0.0,-9.866336439534606e-05,-0.007736020681187616,0.0
2024-01-10,2029.0,2035.5999755859373,2021.699951171875,2021.699951171875,538,0.0,0.0,0.0,0.0,0,0.0,-0.0023194202455394386,-9.866336439534606e-05,0.0
2024-01-11,2025.0999755859373,2025.0999755859373,2014.300048828125,2014.300048828125,97,0.0,0.0,0.0,0.0,1,0.0,-0.003660237682382439,-0.0023194202455394386,0.0
2024-01-12,2031.0999755859373,2057.0,2031.0999755859373,2046.699951171875,390,0.0,0.0,0.0,0.0,0,0.0,0.016084943433625654,-0.003660237682382439,0.0
2024-01-16,2051.699951171875,2054.800048828125,2026.0,2026.0,46,0.0,0.0,0.0,0.0,0,0.0,-0.01011381817839141,0.016084943433625654,0.0
2024-01-17,2026.5,2026.5,2002.5999755859373,2002.5999755859373,764,0.0,0.0,0.0,0.0,1,0.0,-0.011549863975351737,-0.01011381817839141,0.0
2024-01-18,2012.800048828125,2018.5999755859373,2009.5,2018.5999755859373,1474,0.0,0.0,0.0,0.0,1,0.0,0.007989613599849621,-0.011549863975351737,0.0
2024-01-19,2023.199951171875,2036.0,2019.5,2026.5,50,0.0,0.0,0.0,0.0,0,0.0,0.003913615629451028,0.007989613599849621,0.0
2024-01-22,2021.300048828125,2021.300048828125,2019.800048828125,2019.800048828125,12,0.0,0.0,0.0,0.0,1,0.0,-0.0033061688486922813,0.003913615629451028,0.0
2024-01-23,2030.300048828125,2030.300048828125,2022.5,2023.699951171875,15,0.0,0.0,0.0,0.0,0,0.0,0.0019308358498222322,-0.0033061688486922813,0.0
2024-01-24,2023.199951171875,2033.199951171875,2013.9000244140625,2013.9000244140625,253,0.0,0.0,0.0,0.0,1,0.0,-0.004842578936733011,0.0019308358498222322,0.0
2024-01-25,2012.0999755859373,2022.4000244140625,2012.0999755859373,2016.9000244140625,548,0.0,0.0,0.0,0.0,0,0.0,0.0014896469356133757,-0.004842578936733011,0.0
2024-01-26,2021.699951171875,2022.4000244140625,2016.800048828125,2016.800048828125,49,0.0,0.0,0.0,0.0,1,0.0,-4.9568934864074876e-05,0.0014896469356133757,0.0
2024-01-29,2025.199951171875,2025.199951171875,2025.199951171875,2025.199951171875,150708,0.0,0.0,0.0,0.0,1,0.0,0.004164965361157513,-4.9568934864074876e-05,0.0
2024-01-30,2032.5,2048.5,2028.0999755859373,2031.5,26907,0.0,0.0,0.0,0.0,1,0.0,0.003110828056498649,0.004164965361157513,0.0
2024-01-31,2035.4000244140625,2055.0,2030.0,2048.39990234375,2007,0.0,0.0,0.0,0.0,1,0.0,0.008318928055008667,0.003110828056498649,0.0
2024-02-01,2040.199951171875,2064.5,2029.0,2053.0,947,0.0,0.0,0.0,0.0,0,0.0,0.002245702926946258,0.008318928055008667,0.0
2024-02-02,2054.800048828125,2055.89990234375,2027.699951171875,2036.0999755859373,888,0.0,0.0,0.0,0.0,0,0.0,-0.00823186771264628,0.002245702926946258,0.0
2024-02-05,2038.9000244140625,2040.800048828125,2013.800048828125,2025.699951171875,412,0.0,0.0,0.0,0.0,1,0.0,-0.005107816187203351,-0.00823186771264628,0.0
2024-02-06,2025.9000244140625,2037.300048828125,2025.9000244140625,2034.5,249,0.0,0.0,0.0,0.0,1,0.0,0.004344201530455782,-0.005107816187203351,0.0
2024-02-07,2032.800048828125,2039.5,2032.699951171875,2035.199951171875,71,0.0,0.0,0.0,0.0,0,0.0,0.0003440408807446893,0.004344201530455782,0.0
2024-02-08,2028.0,2036.699951171875,2020.300048828125,2032.199951171875,341,0.0,0.0,0.0,0.0,0,0.0,-0.0014740566391389098,0.0003440408807446893,0.0
2024-02-09,2032.0,2032.0,2020.0,2023.300048828125,62,0.0,0.0,0.0,0.0,0,0.0,-0.00437944225843423,-0.0014740566391389098,0.0
2024-02-12,2025.5,2025.5,2011.5999755859373,2018.199951171875,317,0.0,0.0,0.0,0.0,0,0.0,-0.0025206828118271574,-0.00437944225843423,0.0
2024-02-13,2025.0999755859373,2025.800048828125,1990.0,1992.9000244140625,198,0.0,0.0,0.0,0.0,0,0.0,-0.012535887112236854,-0.0025206828118271574,0.0
2024-02-14,1990.300048828125,1993.5,1984.800048828125,1990.300048828125,1916,0.0,0.0,0.0,0.0,1,0.0,-0.0013046191751149294,-0.012535887112236854,0.0
2024-02-15,1993.5999755859373,2007.199951171875,1993.5999755859373,2002.0999755859373,286,0.0,0.0,0.0,0.0,1,0.0,0.005928717514105397,-0.0013046191751149294,0.0
2024-02-16,2005.0,2011.5,1996.5,2011.5,32,0.0,0.0,0.0,0.0,1,0.0,0.00469508242779515,0.005928717514105397,0.0
2024-02-20,2015.5999755859373,2029.0,2015.5999755859373,2027.5,1326,0.0,0.0,0.0,0.0,0,0.0,0.007954262987819982,0.00469508242779515,0.0
2024-02-21,2028.199951171875,2028.199951171875,2022.300048828125,2022.300048828125,15,0.0,0.0,0.0,0.0,0,0.0,-0.0025647108122688334,0.007954262987819982,0.0
2024-02-22,2033.199951171875,2033.199951171875,2019.699951171875,2019.699951171875,964,0.0,0.0,0.0,0.0,1,0.0,-0.0012857130957182328,-0.0025647108122688334,0.0
2024-02-23,2026.0,2038.5999755859373,2014.9000244140625,2038.5999755859373,22,0.0,0.0,0.0,0.0,0,0.0,0.009357837733815932,-0.0012857130957182328,0.0
2024-02-26,2034.0999755859373,2035.4000244140625,2024.800048828125,2028.5,143,0.0,0.0,0.0,0.0,1,0.0,-0.00495436854061293,0.009357837733815932,0.0
2024-02-27,2035.9000244140625,2035.9000244140625,2034.0,2034.0,964,0.0,0.0,0.0,0.0,0,0.0,0.002711363076164597,-0.00495436854061293,0.0
2024-02-28,2029.5,2037.0,2024.800048828125,2033.0,581,0.0,0.0,0.0,0.0,1,0.0,-0.000491642084562427,0.002711363076164597,0.0
2024-02-29,2034.300048828125,2049.800048828125,2034.300048828125,2045.699951171875,706,0.0,0.0,0.0,0.0,1,0.0,0.0062469017077595446,-0.000491642084562427,0.0
2024-03-01,2043.0999755859373,2086.89990234375,2041.800048828125,2086.89990234375,1210,0.0,0.0,0.0,0.0,1,0.0,0.020139782057614797,0.0062469017077595446,0.0
2024-03-04,2083.60009765625,2119.800048828125,2080.699951171875,2117.699951171875,805,0.0,0.0,0.0,0.0,1,0.0,0.014758757137097955,0.020139782057614797,0.0
2024-03-05,2114.89990234375,2133.5,2111.39990234375,2133.5,1287,0.0,0.0,0.0,0.0,1,0.0,0.00746094781717388,0.014758757137097955,0.0
2024-03-06,2125.5,2150.300048828125,2125.5,2150.300048828125,443,0.0,0.0,0.0,0.0,1,0.0,0.007874407700082076,0.00746094781717388,0.0
2024-03-07,2147.0,2163.0,2147.0,2158.0,152,0.0,0.0,0.0,0.0,1,0.0,0.003580872900073251,0.007874407700082076,0.0
2024-03-08,2167.300048828125,2194.89990234375,2166.300048828125,2178.60009765625,259,0.0,0.0,0.0,0.0,1,0.0,0.009545921064064045,0.003580872900073251,0.0
2024-03-11,2181.0,2184.0,2177.199951171875,2182.5,738,0.0,0.0,0.0,0.0,0,0.0,0.0017900955517011763,0.009545921064064045,0.0
2024-03-12,2182.5,2182.699951171875,2160.39990234375,2160.39990234375,550,0.0,0.0,0.0,0.0,1,0.0,-0.010126047036082442,0.0017900955517011763,0.0
2024-03-13,2162.5,2175.39990234375,2162.5,2175.39990234375,20,0.0,0.0,0.0,0.0,0,0.0,0.006943158988170106,-0.010126047036082442,0.0
2024-03-14,2163.0,2163.0,2162.300048828125,2163.0,515,0.0,0.0,0.0,0.0,0,0.0,-0.005700056495539285,0.006943158988170106,0.0
2024-03-15,2161.699951171875,2161.699951171875,2157.300048828125,2157.300048828125,100,0.0,0.0,0.0,0.0,1,0.0,-0.0026352062745608196,-0.005700056495539285,0.0
2024-03-18,2146.199951171875,2160.699951171875,2146.199951171875,2160.699951171875,21,0.0,0.0,0.0,0.0,0,0.0,0.0015759988257531,-0.0026352062745608196,0.0
2024-03-19,2156.10009765625,2156.300048828125,2156.10009765625,2156.300048828125,12,0.0,0.0,0.0,0.0,1,0.0,-0.002036331949451742,0.0015759988257531,0.0
2024-03-20,2157.300048828125,2185.89990234375,2150.89990234375,2157.89990234375,17,0.0,0.0,0.0,0.0,1,0.0,0.0007419438294287151,-0.002036331949451742,0.0
2024-03-21,2207.0,2211.60009765625,2182.39990234375,2182.39990234375,63,0.0,0.0,0.0,0.0,0,0.0,0.011353631358614003,0.0007419438294287151,0.0
2024-03-22,2179.199951171875,2179.60009765625,2157.5,2158.10009765625,19,0.0,0.0,0.0,0.0,1,0.0,-0.0111344417956597,0.011353631358614003,0.0
2024-03-25,2166.199951171875,2179.39990234375,2166.199951171875,2174.800048828125,79,0.0,0.0,0.0,0.0,1,0.0,0.007738265333480765,-0.0111344417956597,0.0
2024-03-26,2182.699951171875,2182.699951171875,2175.60009765625,2175.60009765625,202373,0.0,0.0,0.0,0.0,1,0.0,0.0003678723607516421,0.007738265333480765,0.0
2024-03-27,2179.39990234375,2196.199951171875,2172.10009765625,2190.60009765625,31200,0.0,0.0,0.0,0.0,1,0.0,0.006894649442312106,0.0003678723607516421,0.0
2024-03-28,2193.60009765625,2234.10009765625,2187.10009765625,2217.39990234375,2040,0.0,0.0,0.0,0.0,1,0.0,0.012234001411838502,0.006894649442312106,0.0
2024-04-01,2235.699951171875,2264.199951171875,2230.0,2236.5,400,0.0,0.0,0.0,0.0,1,0.0,0.008613736131250604,0.012234001411838502,0.0
2024-04-02,2252.0,2279.199951171875,2247.60009765625,2261.0,435,0.0,0.0,0.0,0.0,1,0.0,0.010954616588419341,0.008613736131250604,0.0
2024-04-03,2281.699951171875,2298.800048828125,2267.89990234375,2294.39990234375,285,0.0,0.0,0.0,0.0,0,0.0,0.014772181487726632,0.010954616588419341,0.0
2024-04-04,2301.699951171875,2302.89990234375,2280.0,2288.800048828125,251,0.0,0.0,0.0,0.0,1,0.0,-0.0024406615036484114,0.014772181487726632,0.0
2024-04-05,2289.199951171875,2328.39990234375,2267.39990234375,2325.699951171875,344,0.0,0.0,0.0,0.0,1,0.0,0.016121942308871873,-0.0024406615036484114,0.0
2024-04-08,2325.60009765625,2341.800048828125,2319.0,2331.699951171875,202,0.0,0.0,0.0,0.0,1,0.0,0.0025798684808746586,0.016121942308871873,0.0
2024-04-09,2337.800048828125,2364.699951171875,2337.800048828125,2343.5,211,0.0,0.0,0.0,0.0,0,0.0,0.005060706383852809,0.0025798684808746586,0.0
2024-04-10,2346.60009765625,2358.10009765625,2327.699951171875,2329.60009765625,377,0.0,0.0,0.0,0.0,1,0.0,-0.00593125766748448,0.005060706383852809,0.0
2024-04-11,2341.5,2376.300048828125,2330.60009765625,2354.800048828125,283,0.0,0.0,0.0,0.0,1,0.0,0.010817286278974603,-0.00593125766748448,0.0
2024-04-12,2377.300048828125,2429.0,2334.300048828125,2356.199951171875,584,0.0,0.0,0.0,0.0,1,0.0,0.000594488837575291,0.010817286278974603,0.0
2024-04-15,2362.10009765625,2384.699951171875,2326.0,2365.800048828125,1801,0.0,0.0,0.0,0.0,1,0.0,0.00407439854647107,0.000594488837575291,0.0
2024-04-16,2384.0,2390.800048828125,2371.39990234375,2390.800048828125,41,0.0,0.0,0.0,0.0,0,0.0,0.010567249760766284,0.00407439854647107,0.0
2024-04-17,2384.199951171875,2391.39990234375,2369.300048828125,2371.699951171875,37,0.0,0.0,0.0,0.0,1,0.0,-0.007988998354593546,0.010567249760766284,0.0
2024-04-18,2368.39990234375,2384.39990234375,2368.39990234375,2382.300048828125,128,0.0,0.0,0.0,0.0,1,0.0,0.004469409231556698,-0.007988998354593546,0.0
2024-04-19,2379.300048828125,2399.800048828125,2377.300048828125,2398.39990234375,160,0.0,0.0,0.0,0.0,0,0.0,0.006758113245871167,0.004469409231556698,0.0
2024-04-22,2383.300048828125,2383.300048828125,2326.89990234375,2332.199951171875,53,0.0,0.0,0.0,0.0,0,0.0,-0.027601715254901182,0.006758113245871167,0.0
2024-04-23,2327.699951171875,2330.800048828125,2294.199951171875,2327.699951171875,171,0.0,0.0,0.0,0.0,0,0.0,-0.0019295086588689836,-0.027601715254901182,0.0
2024-04-24,2321.300048828125,2328.699951171875,2314.60009765625,2324.5,95,0.0,0.0,0.0,0.0,1,0.0,-0.0013747266567858407,-0.0019295086588689836,0.0
2024-04-25,2315.0,2329.800048828125,2305.0,2329.800048828125,1024,0.0,0.0,0.0,0.0,1,0.0,0.0022800812338674703,-0.0013747266567858407,0.0
2024-04-26,2347.89990234375,2347.89990234375,2332.800048828125,2334.800048828125,717,0.0,0.0,0.0,0.0,1,0.0,0.002146106916992796,0.0022800812338674703,0.0
2024-04-29,2334.800048828125,2345.5,2327.89990234375,2345.39990234375,405,0.0,0.0,0.0,0.0,0,0.0,0.004539940591891556,0.002146106916992796,0.0
2024-04-30,2322.5,2322.5,2291.39990234375,2291.39990234375,113,0.0,0.0,0.0,0.0,1,0.0,-0.02302379220960915,0.004539940591891556,0.0
2024-05-01,2287.699951171875,2327.300048828125,2283.800048828125,2299.89990234375,42,0.0,0.0,0.0,0.0,0,0.0,0.0037095227207202264,-0.02302379220960915,0.0
2024-05-02,2321.699951171875,2324.699951171875,2292.300048828125,2299.199951171875,56,0.0,0.0,0.0,0.0,0,0.0,-0.00030433984155642246,0.0037095227207202264,0.0
2024-05-03,2300.0,2301.0,2277.60009765625,2299.0,194,0.0,0.0,0.0,0.0,1,0.0,-8.696554285025915e-05,-0.00030433984155642246,0.0
2024-05-06,2322.800048828125,2325.5,2314.199951171875,2321.60009765625,9,0.0,0.0,0.0,0.0,0,0.0,0.009830403504240914,-8.696554285025915e-05,0.0
2024-05-07,2324.300048828125,2324.300048828125,2315.199951171875,2315.199951171875,25,0.0,0.0,0.0,0.0,0,0.0,-0.002756782484130804,0.009830403504240914,0.0
2024-05-08,2313.60009765625,2313.60009765625,2313.60009765625,2313.60009765625,4,0.0,0.0,0.0,0.0,1,0.0,-0.0006910217473075075,-0.002756782484130804,0.0
2024-05-09,2310.699951171875,2339.5,2310.699951171875,2332.10009765625,5,0.0,0.0,0.0,0.0,1,0.0,0.007996196066356154,-0.0006910217473075075,0.0
2024-05-10,2367.300048828125,2367.300048828125,2367.300048828125,2367.300048828125,126,0.0,0.0,0.0,0.0,0,0.0,0.01509367081080737,0.007996196066356154,0.0
2024-05-13,2358.300048828125,2358.300048828125,2336.10009765625,2336.10009765625,14,0.0,0.0,0.0,0.0,1,0.0,-0.013179550765995973,0.01509367081080737,0.0
2024-05-14,2336.0,2358.0,2336.0,2353.39990234375,6,0.0,0.0,0.0,0.0,1,0.0,0.007405420985537647,-0.013179550765995973,0.0
2024-05-15,2361.60009765625,2388.699951171875,2356.0,2388.699951171875,29,0.0,0.0,0.0,0.0,0,0.0,0.014999596453186603,0.007405420985537647,0.0
2024-05-16,2389.5,2392.199951171875,2380.0,2380.0,7,0.0,0.0,0.0,0.0,1,0.0,-0.0036421280821004043,0.014999596453186603,0.0
2024-05-17,2380.699951171875,2415.800048828125,2380.699951171875,2412.199951171875,213,0.0,0.0,0.0,0.0,1,0.0,0.013529391248686906,-0.0036421280821004043,0.0
2024-05-20,2415.800048828125,2435.800048828125,2409.699951171875,2433.89990234375,40,0.0,0.0,0.0,0.0,0,0.0,0.008995917258572517,0.013529391248686906,0.0
2024-05-21,2429.5,2429.5,2421.0,2421.699951171875,6,0.0,0.0,0.0,0.0,0,0.0,-0.005012511467758718,0.008995917258572517,0.0
2024-05-22,2417.5,2417.60009765625,2375.800048828125,2389.199951171875,180,0.0,0.0,0.0,0.0,0,0.0,-0.013420324835978548,-0.005012511467758718,0.0
2024-05-23,2371.199951171875,2371.199951171875,2335.0,2335.0,365,0.0,0.0,0.0,0.0,0,0.0,-0.022685397739645285,-0.013420324835978548,0.0
2024-05-24,2342.60009765625,2345.39990234375,2332.5,2332.5,25,0.0,0.0,0.0,0.0,1,0.0,-0.0010706638115631772,-0.022685397739645285,0.0
2024-05-28,2336.89990234375,2359.699951171875,2336.89990234375,2355.199951171875,26,0.0,0.0,0.0,0.0,0,0.0,0.009732026225884205,-0.0010706638115631772,0.0
2024-05-29,2340.300048828125,2340.300048828125,2340.300048828125,2340.300048828125,119317,0.0,0.0,0.0,0.0,1,0.0,-0.006326385297492965,0.009732026225884205,0.0
2024-05-30,2336.89990234375,2349.5,2320.800048828125,2342.89990234375,32587,0.0,0.0,0.0,0.0,0,0.0,0.0011109060639156176,-0.006326385297492965,0.0
2024-05-31,2344.10009765625,2354.0,2319.0,2322.89990234375,941,0.0,0.0,0.0,0.0,1,0.0,-0.008536429567474357,0.0011109060639156176,0.0
2024-06-03,2322.60009765625,2347.5,2312.0,2346.60009765625,781,0.0,0.0,0.0,0.0,0,0.0,0.010202848296901212,-0.008536429567474357,0.0
2024-06-04,2347.5,2347.699951171875,2313.89990234375,2325.5,890,0.0,0.0,0.0,0.0,1,0.0,-0.00899177396153883,0.010202848296901212,0.0
2024-06-05,2326.39990234375,2354.300048828125,2326.199951171875,2354.10009765625,295,0.0,0.0,0.0,0.0,1,0.0,0.012298472438722952,-0.00899177396153883,0.0
2024-06-06,2355.0,2375.800048828125,2355.0,2370.300048828125,179,0.0,0.0,0.0,0.0,0,0.0,0.006881589779467623,0.012298472438722952,0.0
2024-06-07,2379.89990234375,2385.10009765625,2285.39990234375,2305.199951171875,269,0.0,0.0,0.0,0.0,1,0.0,-0.027464918497738466,0.006881589779467623,0.0
2024-06-10,2290.60009765625,2309.300048828125,2290.5,2307.699951171875,69,0.0,0.0,0.0,0.0,0,0.0,0.0010845046212710763,-0.027464918497738466,0.0
2024-06-11,2300.0,2314.10009765625,2300.0,2307.5,871,0.0,0.0,0.0,0.0,1,0.0,-8.664522082846293e-05,0.0010845046212710763,0.0
2024-06-12,2314.89990234375,2338.699951171875,2310.300048828125,2336.0,132,0.0,0.0,0.0,0.0,0,0.0,0.012351029252437806,-8.664522082846293e-05,0.0
2024-06-13,2309.39990234375,2317.699951171875,2296.199951171875,2300.199951171875,298,0.0,0.0,0.0,0.0,1,0.0,-0.015325363368204226,0.012351029252437806,0.0
2024-06-14,2307.0,2331.39990234375,2305.800048828125,2331.39990234375,948,0.0,0.0,0.0,0.0,0,0.0,0.013564016969907167,-0.015325363368204226,0.0
2024-06-17,2320.199951171875,2320.199951171875,2309.60009765625,2312.39990234375,110,0.0,0.0,0.0,0.0,1,0.0,-0.008149610017955,0.013564016969907167,0.0
2024-06-18,2311.800048828125,2330.39990234375,2311.800048828125,2330.39990234375,43,0.0,0.0,0.0,0.0,1,0.0,0.0077841207231310605,-0.008149610017955,0.0
2024-06-20,2328.89990234375,2354.0,2328.300048828125,2353.800048828125,183,0.0,0.0,0.0,0.0,0,0.0,0.010041257923518065,0.0077841207231310605,0.0
2024-06-21,2331.199951171875,2331.199951171875,2316.39990234375,2316.39990234375,76,0.0,0.0,0.0,0.0,1,0.0,-0.015889262345370136,0.010041257923518065,0.0
2024-06-24,2323.300048828125,2332.89990234375,2322.699951171875,2330.0,99,0.0,0.0,0.0,0.0,0,0.0,0.005871221822488115,-0.015889262345370136,0.0
2024-06-25,2324.39990234375,2333.0,2316.60009765625,2316.60009765625,105,0.0,0.0,0.0,0.0,0,0.0,-0.005751031048819688,0.005871221822488115,0.0
2024-06-26,2307.89990234375,2314.39990234375,2298.0,2299.199951171875,986,0.0,0.0,0.0,0.0,1,0.0,-0.007511070426863498,-0.005751031048819688,0.0
2024-06-27,2296.800048828125,2329.0,2295.0,2324.5,1532,0.0,0.0,0.0,0.0,1,0.0,0.011003848888927692,-0.007511070426863498,0.0
2024-06-28,2325.39990234375,2338.300048828125,2319.0,2327.699951171875,92,0.0,0.0,0.0,0.0,0,0.0,0.0013766191318025367,0.011003848888927692,0.0
2024-07-01,2323.800048828125,2329.699951171875,2321.699951171875,2327.60009765625,237,0.0,0.0,0.0,0.0,0,0.0,-4.289793260281449e-05,0.0013766191318025367,0.0
2024-07-02,2330.699951171875,2334.60009765625,2323.0,2323.0,30,0.0,0.0,0.0,0.0,1,0.0,-0.0019763264578318562,-4.289793260281449e-05,0.0
2024-07-03,2330.89990234375,2361.60009765625,2330.89990234375,2359.800048828125,59,0.0,0.0,0.0,0.0,1,0.0,0.015841605177841167,-0.0019763264578318562,0.0
2024-07-05,2354.89990234375,2388.5,2354.89990234375,2388.5,72,0.0,0.0,0.0,0.0,0,0.0,0.012162026687865923,0.015841605177841167,0.0
2024-07-08,2381.699951171875,2383.800048828125,2352.800048828125,2355.199951171875,64,0.0,0.0,0.0,0.0,1,0.0,-0.013941824922807156,0.012162026687865923,0.0
2024-07-09,2363.10009765625,2363.699951171875,2360.10009765625,2360.10009765625,9,0.0,0.0,0.0,0.0,1,0.0,0.002080564956676856,-0.013941824922807156,0.0
2024-07-10,2366.300048828125,2377.0,2365.800048828125,2372.199951171875,19,0.0,0.0,0.0,0.0,1,0.0,0.005126839123324123,0.002080564956676856,0.0
2024-07-11,2378.699951171875,2416.699951171875,2378.699951171875,2415.0,72,0.0,0.0,0.0,0.0,0,0.0,0.01804234453633713,0.005126839123324123,0.0
2024-07-12,2399.800048828125,2414.0,2391.300048828125,2414.0,355,0.0,0.0,0.0,0.0,1,0.0,-0.00041407867494824835,0.01804234453633713,0.0
2024-07-15,2430.0,2436.0,2422.89990234375,2422.89990234375,540,0.0,0.0,0.0,0.0,1,0.0,0.003686786389291541,-0.00041407867494824835,0.0
2024-07-16,2427.39990234375,2462.39990234375,2427.39990234375,2462.39990234375,93,0.0,0.0,0.0,0.0,0,0.0,0.016302778320222977,0.003686786389291541,0.0
2024-07-17,2472.89990234375,2473.10009765625,2454.800048828125,2454.800048828125,10,0.0,0.0,0.0,0.0,0,0.0,-0.0030863603870319167,0.016302778320222977,0.0
2024-07-18,2466.0,2466.0,2451.800048828125,2451.800048828125,2,0.0,0.0,0.0,0.0,0,0.0,-0.001222095462085404,-0.0030863603870319167,0.0
2024-07-19,2418.800048828125,2419.199951171875,2395.5,2395.5,15,0.0,0.0,0.0,0.0,0,0.0,-0.02296274072391602,-0.001222095462085404,0.0
2024-07-22,2402.10009765625,2402.10009765625,2392.0,2392.0,18,0.0,0.0,0.0,0.0,1,0.0,-0.001461072844917588,-0.02296274072391602,0.0
2024-07-23,2395.800048828125,2404.60009765625,2388.699951171875,2404.60009765625,41,0.0,0.0,0.0,0.0,1,0.0,0.005267599354619623,-0.001461072844917588,0.0
2024-07-24,2421.0,2421.0,2411.60009765625,2413.300048828125,6,0.0,0.0,0.0,0.0,0,0.0,0.0036180449216294264,0.005267599354619623,0.0
2024-07-25,2365.5,2365.5,2351.89990234375,2351.89990234375,31,0.0,0.0,0.0,0.0,1,0.0,-0.02544240054782676,0.0036180449216294264,0.0
2024-07-26,2368.699951171875,2386.89990234375,2368.699951171875,2380.0,95,0.0,0.0,0.0,0.0,0,0.0,0.011947828914082192,-0.02544240054782676,0.0
2024-07-29,2377.300048828125,2377.300048828125,2377.300048828125,2377.300048828125,126409,0.0,0.0,0.0,0.0,1,0.0,-0.0011344332654936728,0.011947828914082192,0.0
2024-07-30,2380.89990234375,2409.300048828125,2373.800048828125,2405.0,25944,0.0,0.0,0.0,0.0,1,0.0,0.011651853196036122,-0.0011344332654936728,0.0
2024-07-31,2407.10009765625,2447.60009765625,2402.800048828125,2426.5,1313,0.0,0.0,0.0,0.0,1,0.0,0.008939708939708968,0.011651853196036122,0.0
2024-08-01,2446.699951171875,2455.10009765625,2430.39990234375,2435.0,690,0.0,0.0,0.0,0.0,0,0.0,0.0035029878425716365,0.008939708939708968,0.0
2024-08-02,2444.0,2477.0,2416.0,2425.699951171875,550,0.0,0.0,0.0,0.0,0,0.0,-0.0038193219006673607,0.0035029878425716365,0.0
2024-08-05,2442.0,2449.800048828125,2367.39990234375,2401.699951171875,334,0.0,0.0,0.0,0.0,0,0.0,-0.00989405140087729,-0.0038193219006673607,0.0
2024-08-06,2414.5,2421.800048828125,2380.0,2389.10009765625,163,0.0,0.0,0.0,0.0,1,0.0,-0.005246222996955541,-0.00989405140087729,0.0
2024-08-07,2392.199951171875,2401.0,2384.5,2390.5,130,0.0,0.0,0.0,0.0,1,0.0,0.0005859538263479624,-0.005246222996955541,0.0
2024-08-08,2384.300048828125,2422.800048828125,2384.300048828125,2422.199951171875,201,0.0,0.0,0.0,0.0,1,0.0,0.01326080366947302,0.0005859538263479624,0.0
2024-08-09,2422.300048828125,2432.10009765625,2418.5,2432.10009765625,611,0.0,0.0,0.0,0.0,1,0.0,0.004087254018639186,0.01326080366947302,0.0
2024-08-12,2432.699951171875,2469.800048828125,2432.0,2462.39990234375,566,0.0,0.0,0.0,0.0,1,0.0,0.012458288504120008,0.004087254018639186,0.0
2024-08-13,2461.0,2470.0,2456.5,2466.699951171875,510,0.0,0.0,0.0,0.0,0,0.0,0.0017462837064086134,0.012458288504120008,0.0
2024-08-14,2468.0,2472.10009765625,2439.39990234375,2439.39990234375,274,0.0,0.0,0.0,0.0,1,0.0,-0.011067438021862053,0.0017462837064086134,0.0
2024-08-15,2451.800048828125,2467.699951171875,2431.199951171875,2453.10009765625,285,0.0,0.0,0.0,0.0,1,0.0,0.005616215405820579,-0.011067438021862053,0.0
2024-08-16,2453.5,2508.0,2451.39990234375,2498.60009765625,197,0.0,0.0,0.0,0.0,1,0.0,0.018547958986048663,0.005616215405820579,0.0
2024-08-19,2508.5,2508.5,2487.199951171875,2501.800048828125,88,0.0,0.0,0.0,0.0,1,0.0,0.001280697609383985,0.018547958986048663,0.0
2024-08-20,2503.5,2527.300048828125,2500.699951171875,2511.300048828125,187,0.0,0.0,0.0,0.0,0,0.0,0.0037972658943907778,0.001280697609383985,0.0
2024-08-21,2511.0,2515.39990234375,2503.89990234375,2508.39990234375,96,0.0,0.0,0.0,0.0,0,0.0,-0.0011548387002693339,0.0037972658943907778,0.0
2024-08-22,2504.10009765625,2504.10009765625,2471.10009765625,2478.89990234375,210,0.0,0.0,0.0,0.0,1,0.0,-0.011760485229024398,-0.0011548387002693339,0.0
2024-08-23,2486.5,2508.39990234375,2486.5,2508.39990234375,94,0.0,0.0,0.0,0.0,1,0.0,0.011900440179980043,-0.011760485229024398,0.0
2024-08-26,2509.89990234375,2523.10009765625,2509.10009765625,2517.699951171875,290,0.0,0.0,0.0,0.0,0,0.0,0.003707562266860087,0.011900440179980043,0.0
2024-08-27,2515.199951171875,2523.10009765625,2506.89990234375,2516.0,100,0.0,0.0,0.0,0.0,0,0.0,-0.0006752000654739465,0.003707562266860087,0.0
2024-08-28,2501.0,2501.0,2501.0,2501.0,2353,0.0,0.0,0.0,0.0,1,0.0,-0.0059618441971383,-0.0006752000654739465,0.0
2024-08-29,2504.10009765625,2525.699951171875,2503.89990234375,2525.699951171875,3966,0.0,0.0,0.0,0.0,0,0.0,0.009876030056727325,-0.0059618441971383,0.0
2024-08-30,2519.5,2525.39990234375,2493.800048828125,2493.800048828125,208,0.0,0.0,0.0,0.0,0,0.0,-0.012630123514453473,0.009876030056727325,0.0
2024-09-03,2501.60009765625,2501.800048828125,2476.300048828125,2489.89990234375,206,0.0,0.0,0.0,0.0,1,0.0,-0.0015639371272799796,-0.012630123514453473,0.0
2024-09-04,2490.89990234375,2493.39990234375,2483.5,2493.39990234375,470,0.0,0.0,0.0,0.0,1,0.0,0.0014056789980614326,-0.0015639371272799796,0.0
2024-09-05,2493.699951171875,2513.300048828125,2493.39990234375,2511.39990234375,54,0.0,0.0,0.0,0.0,0,0.0,0.007219058596689809,0.0014056789980614326,0.0
2024-09-06,2510.300048828125,2517.89990234375,2483.699951171875,2493.5,96,0.0,0.0,0.0,0.0,1,0.0,-0.007127459998324093,0.007219058596689809,0.0
2024-09-09,2491.300048828125,2504.699951171875,2491.300048828125,2501.800048828125,96,0.0,0.0,0.0,0.0,1,0.0,0.003328674083868055,-0.007127459998324093,0.0
2024-09-10,2512.300048828125,2512.300048828125,2512.300048828125,2512.300048828125,5,0.0,0.0,0.0,0.0,0,0.0,0.004196978093800263,0.003328674083868055,0.0
2024-09-11,2525.800048828125,2525.800048828125,2502.300048828125,2512.10009765625,90,0.0,0.0,0.0,0.0,1,0.0,-7.95888898574848e-05,0.004196978093800263,0.0
2024-09-12,2529.10009765625,2557.0,2523.39990234375,2551.199951171875,132,0.0,0.0,0.0,0.0,1,0.0,0.015564608095077315,-7.95888898574848e-05,0.0
2024-09-13,2568.800048828125,2581.800048828125,2565.0,2581.300048828125,31,0.0,0.0,0.0,0.0,0,0.0,0.011798407899162866,0.015564608095077315,0.0
2024-09-16,2580.39990234375,2580.39990234375,2580.39990234375,2580.39990234375,28,0.0,0.0,0.0,0.0,0,0.0,-0.00034871826883653423,0.011798407899162866,0.0
2024-09-17,2581.199951171875,2581.800048828125,2564.300048828125,2564.300048828125,22,0.0,0.0,0.0,0.0,1,0.0,-0.006239286205599992,-0.00034871826883653423,0.0
2024-09-18,2570.699951171875,2570.699951171875,2549.199951171875,2570.699951171875,25,0.0,0.0,0.0,0.0,1,0.0,0.0024957696922693895,-0.006239286205599992,0.0
2024-09-19,2566.0,2588.0,2566.0,2588.0,99,0.0,0.0,0.0,0.0,1,0.0,0.006729703643647111,0.0024957696922693895,0.0
2024-09-20,2590.39990234375,2621.800048828125,2590.39990234375,2619.89990234375,17,0.0,0.0,0.0,0.0,1,0.0,0.012326082822160078,0.006729703643647111,0.0
2024-09-23,2626.5,2626.5,2626.5,2626.5,9,0.0,0.0,0.0,0.0,1,0.0,0.002519217490082548,0.012326082822160078,0.0
2024-09-24,2636.800048828125,2662.300048828125,2625.5,2651.199951171875,35,0.0,0.0,0.0,0.0,1,0.0,0.009404131418951023,0.002519217490082548,0.0
2024-09-25,2656.300048828125,2664.199951171875,2649.300048828125,2659.199951171875,175,0.0,0.0,0.0,0.0,1,0.0,0.003017501564325231,0.009404131418951023,0.0
2024-09-26,2662.300048828125,2669.89990234375,2660.800048828125,2669.89990234375,17216,0.0,0.0,0.0,0.0,0,0.0,0.004023748258253246,0.003017501564325231,0.0
2024-09-27,2670.0,2672.10009765625,2641.699951171875,2644.300048828125,4228,0.0,0.0,0.0,0.0,0,0.0,-0.009588319582000904,0.004023748258253246,0.0
2024-09-30,2660.89990234375,2662.10009765625,2623.199951171875,2636.10009765625,973,0.0,0.0,0.0,0.0,1,0.0,-0.0031009911963315595,-0.009588319582000904,0.0
2024-10-01,2631.39990234375,2670.89990234375,2631.39990234375,2667.300048828125,153,0.0,0.0,0.0,0.0,0,0.0,0.011835647363927837,-0.0031009911963315595,0.0
2024-10-02,2650.60009765625,2657.199951171875,2640.0,2647.10009765625,72,0.0,0.0,0.0,0.0,1,0.0,-0.007573182919840549,0.011835647363927837,0.0
2024-10-03,2642.800048828125,2657.10009765625,2640.0,2657.10009765625,354,0.0,0.0,0.0,0.0,0,0.0,0.003777718873892999,-0.007573182919840549,0.0
2024-10-04,2656.0,2667.0,2639.0,2645.800048828125,114,0.0,0.0,0.0,0.0,0,0.0,-0.004252774985064489,0.003777718873892999,0.0
2024-10-07,2648.699951171875,2657.39990234375,2639.0,2644.800048828125,284,0.0,0.0,0.0,0.0,0,0.0,-0.00037795751059988003,-0.004252774985064489,0.0
2024-10-08,2639.0,2639.0,2609.300048828125,2615.0,687,0.0,0.0,0.0,0.0,0,0.0,-0.011267410873396222,-0.00037795751059988003,0.0
2024-10-09,2603.0,2607.699951171875,2603.0,2606.0,152,0.0,0.0,0.0,0.0,1,0.0,-0.0034416826003823564,-0.011267410873396222,0.0
2024-10-10,2602.5,2628.300048828125,2602.5,2620.60009765625,320,0.0,0.0,0.0,0.0,1,0.0,0.005602493344685433,-0.0034416826003823564,0.0
2024-10-11,2638.300048828125,2658.10009765625,2638.199951171875,2657.60009765625,12,0.0,0.0,0.0,0.0,0,0.0,0.014118903541632033,0.005602493344685433,0.0
2024-10-14,2655.0,2655.300048828125,2647.800048828125,2647.800048828125,40,0.0,0.0,0.0,0.0,1,0.0,-0.003687555865447112,0.014118903541632033,0.0
2024-10-15,2661.39990234375,2661.39990234375,2661.39990234375,2661.39990234375,39,0.0,0.0,0.0,0.0,1,0.0,0.005136284184919404,-0.003687555865447112,0.0
2024-10-16,2674.0,2674.0,2674.0,2674.0,6,0.0,0.0,0.0,0.0,1,0.0,0.004734387209210489,0.005136284184919404,0.0
2024-10-17,2677.39990234375,2691.699951171875,2677.199951171875,2691.0,30,0.0,0.0,0.0,0.0,1,0.0,0.006357516828721099,0.004734387209210489,0.0
2024-10-18,2713.699951171875,2719.60009765625,2713.699951171875,2713.699951171875,29,0.0,0.0,0.0,0.0,1,0.0,0.00843550768185608,0.006357516828721099,0.0
2024-10-21,2721.89990234375,2738.39990234375,2719.5,2723.10009765625,52,0.0,0.0,0.0,0.0,1,0.0,0.003463959410956896,0.00843550768185608,0.0
2024-10-22,2731.699951171875,2746.0,2728.60009765625,2744.199951171875,93,0.0,0.0,0.0,0.0,0,0.0,0.007748467834063577,0.003463959410956896,0.0
2024-10-23,2742.5,2742.5,2714.199951171875,2714.39990234375,18,0.0,0.0,0.0,0.0,1,0.0,-0.010859284803718228,0.007748467834063577,0.0
2024-10-24,2729.0,2736.10009765625,2729.0,2734.89990234375,27,0.0,0.0,0.0,0.0,1,0.0,0.007552313858506743,-0.010859284803718228,0.0
2024-10-25,2725.5,2742.39990234375,2725.5,2740.89990234375,29,0.0,0.0,0.0,0.0,1,0.0,0.0021938645706405246,0.007552313858506743,0.0
2024-10-28,2736.10009765625,2742.89990234375,2729.5,2742.89990234375,56,0.0,0.0,0.0,0.0,1,0.0,0.0007296873549778038,0.0021938645706405246,0.0
2024-10-29,2768.39990234375,2768.39990234375,2768.39990234375,2768.39990234375,848,0.0,0.0,0.0,0.0,1,0.0,0.009296730069591863,0.0007296873549778038,0.0
2024-10-30,2774.60009765625,2789.0,2774.60009765625,2788.5,231,0.0,0.0,0.0,0.0,0,0.0,0.007260547018237196,0.009296730069591863,0.0
2024-10-31,2787.39990234375,2787.5,2733.5,2738.300048828125,849,0.0,0.0,0.0,0.0,1,0.0,-0.018002492799668257,0.007260547018237196,0.0
2024-11-01,2745.5,2756.0,2734.199951171875,2738.60009765625,109,0.0,0.0,0.0,0.0,0,0.0,0.0001095748540242969,-0.018002492799668257,0.0
2024-11-04,2736.5,2737.10009765625,2736.10009765625,2736.10009765625,16,0.0,0.0,0.0,0.0,1,0.0,-0.0009128751591513939,0.0001095748540242969,0.0
2024-11-05,2743.0,2743.89990234375,2740.300048828125,2740.300048828125,23,0.0,0.0,0.0,0.0,0,0.0,0.0015350137136695974,-0.0009128751591513939,0.0
2024-11-06,2734.5,2734.5,2659.39990234375,2667.60009765625,427,0.0,0.0,0.0,0.0,1,0.0,-0.026529923685898793,0.0015350137136695974,0.0
2024-11-07,2662.5,2699.10009765625,2662.5,2698.39990234375,676,0.0,0.0,0.0,0.0,0,0.0,0.01154588527514333,-0.026529923685898793,0.0
2024-11-08,2688.5,2694.60009765625,2682.89990234375,2687.5,1038,0.0,0.0,0.0,0.0,0,0.0,-0.004039394729551615,0.01154588527514333,0.0
2024-11-11,2671.699951171875,2671.699951171875,2611.199951171875,2611.199951171875,20,0.0,0.0,0.0,0.0,0,0.0,-0.028390715843023218,-0.004039394729551615,0.0
2024-11-12,2605.5,2605.5,2592.800048828125,2600.0,118,0.0,0.0,0.0,0.0,0,0.0,-0.004289197066983941,-0.028390715843023218,0.0
2024-11-13,2611.10009765625,2611.800048828125,2580.800048828125,2580.800048828125,53,0.0,0.0,0.0,0.0,0,0.0,-0.007384596604567362,-0.004289197066983941,0.0
2024-11-14,2555.10009765625,2576.199951171875,2554.199951171875,2568.199951171875,27,0.0,0.0,0.0,0.0,0,0.0,-0.00488224481473154,-0.007384596604567362,0.0
2024-11-15,2565.699951171875,2565.699951171875,2565.699951171875,2565.699951171875,20,0.0,0.0,0.0,0.0,1,0.0,-0.0009734444542992549,-0.00488224481473154,0.0
2024-11-18,2591.699951171875,2610.699951171875,2589.39990234375,2610.60009765625,136,0.0,0.0,0.0,0.0,1,0.0,0.017500154865679907,-0.0009734444542992549,0.0
2024-11-19,2621.89990234375,2627.699951171875,2619.300048828125,2627.10009765625,87,0.0,0.0,0.0,0.0,1,0.0,0.006320385881703361,0.017500154865679907,0.0
2024-11-20,2638.5,2648.199951171875,2638.5,2648.199951171875,27,0.0,0.0,0.0,0.0,1,0.0,0.008031613844653007,0.006320385881703361,0.0
2024-11-21,2659.300048828125,2672.10009765625,2655.699951171875,2672.10009765625,33,0.0,0.0,0.0,0.0,1,0.0,0.009025053593026078,0.008031613844653007,0.0
2024-11-22,2687.5,2710.5,2685.60009765625,2709.89990234375,41,0.0,0.0,0.0,0.0,0,0.0,0.01414610355377599,0.009025053593026078,0.0
2024-11-25,2689.39990234375,2689.39990234375,2616.800048828125,2616.800048828125,94,0.0,0.0,0.0,0.0,1,0.0,-0.034355458456271526,0.01414610355377599,0.0
2024-11-26,2625.60009765625,2625.60009765625,2620.300048828125,2620.300048828125,177858,0.0,0.0,0.0,0.0,1,0.0,0.0013375114394267307,-0.034355458456271526,0.0
2024-11-27,2633.5,2657.89990234375,2627.199951171875,2639.89990234375,61653,0.0,0.0,0.0,0.0,1,0.0,0.007480003492115639,0.0013375114394267307,0.0
2024-11-29,2636.39990234375,2664.300048828125,2620.699951171875,2657.0,3861,0.0,0.0,0.0,0.0,0,0.0,0.00647755531983174,0.007480003492115639,0.0
2024-12-02,2649.0,2649.800048828125,2621.699951171875,2634.89990234375,695,0.0,0.0,0.0,0.0,1,0.0,-0.008317688240967236,0.00647755531983174,0.0
2024-12-03,2639.0,2654.699951171875,2636.0,2644.699951171875,1062,0.0,0.0,0.0,0.0,1,0.0,0.003719324904679633,-0.008317688240967236,0.0
2024-12-04,2639.199951171875,2658.300048828125,2637.0,2653.800048828125,249,0.0,0.0,0.0,0.0,0,0.0,0.0034408809408483787,0.003719324904679633,0.0
2024-12-05,2652.39990234375,2655.0,2625.699951171875,2626.60009765625,573,0.0,0.0,0.0,0.0,1,0.0,-0.010249435025779796,0.0034408809408483787,0.0
2024-12-06,2620.199951171875,2643.10009765625,2617.5,2638.60009765625,571,0.0,0.0,0.0,0.0,1,0.0,0.004568643704349062,-0.010249435025779796,0.0
2024-12-09,2632.10009765625,2677.10009765625,2630.800048828125,2664.89990234375,935,0.0,0.0,0.0,0.0,1,0.0,0.009967332568076914,0.004568643704349062,0.0
2024-12-10,2662.300048828125,2698.199951171875,2661.0,2697.60009765625,437,0.0,0.0,0.0,0.0,1,0.0,0.012270703032313035,0.009967332568076914,0.0
2024-12-11,2701.800048828125,2733.800048828125,2693.10009765625,2733.800048828125,3387,0.0,0.0,0.0,0.0,0,0.0,0.013419317119437668,0.012270703032313035,0.0
2024-12-12,2725.10009765625,2725.10009765625,2677.39990234375,2687.5,2365,0.0,0.0,0.0,0.0,0,0.0,-0.016936150413770057,0.013419317119437668,0.0
2024-12-13,2688.199951171875,2689.300048828125,2647.89990234375,2656.0,1125,0.0,0.0,0.0,0.0,0,0.0,-0.011720930232558158,-0.016936150413770057,0.0
2024-12-16,2658.300048828125,2663.300048828125,2651.0,2651.39990234375,877,0.0,0.0,0.0,0.0,0,0.0,-0.0017319644790098065,-0.011720930232558158,0.0
2024-12-17,2651.800048828125,2652.300048828125,2632.5,2644.39990234375,705,0.0,0.0,0.0,0.0,0,0.0,-0.002640114753648559,-0.0017319644790098065,0.0
2024-12-18,2644.300048828125,2647.10009765625,2590.199951171875,2636.5,566,0.0,0.0,0.0,0.0,0,0.0,-0.0029874083480143643,-0.002640114753648559,0.0
2024-12-19,2582.10009765625,2610.300048828125,2582.10009765625,2592.199951171875,238,0.0,0.0,0.0,0.0,1,0.0,-0.016802597696994104,-0.0029874083480143643,0.0
2024-12-20,2605.300048828125,2631.60009765625,2604.89990234375,2628.699951171875,592,0.0,0.0,0.0,0.0,0,0.0,0.014080703914641779,-0.016802597696994104,0.0
2024-12-23,2620.0,2627.699951171875,2611.10009765625,2612.300048828125,451,0.0,0.0,0.0,0.0,1,0.0,-0.006238788240719106,0.014080703914641779,0.0
2024-12-24,2613.0,2620.0,2609.5,2620.0,35,0.0,0.0,0.0,0.0,1,0.0,0.002947575327470142,-0.006238788240719106,0.0
2024-12-26,2628.5,2638.800048828125,2627.89990234375,2638.800048828125,84,0.0,0.0,0.0,0.0,0,0.0,0.007175591155772931,0.002947575327470142,0.0
2024-12-27,2617.699951171875,2617.699951171875,2616.39990234375,2617.199951171875,642,0.0,0.0,0.0,0.0,0,0.0,-0.008185575737669981,0.007175591155772931,0.0
2024-12-30,2620.699951171875,2626.89990234375,2597.0,2606.10009765625,794,0.0,0.0,0.0,0.0,1,0.0,-0.0042411178827413964,-0.008185575737669981,0.0
2024-12-31,2608.39990234375,2629.199951171875,2604.89990234375,2629.199951171875,401,0.0,0.0,0.0,0.0,1,0.0,0.008863762959987476,-0.0042411178827413964,0.0
2025-01-02,2633.0,2663.10009765625,2633.0,2658.89990234375,1728,0.0,0.0,0.0,0.0,0,0.0,0.011296193413755873,0.008863762959987476,0.0
2025-01-03,2658.699951171875,2658.699951171875,2641.800048828125,2645.0,591,0.0,0.0,0.0,0.0,0,0.0,-0.005227689215189235,0.011296193413755873,0.0
2025-01-06,2645.5,2647.0,2617.300048828125,2638.39990234375,960,0.0,0.0,0.0,0.0,1,0.0,-0.002495311023156921,-0.005227689215189235,0.0
2025-01-07,2653.39990234375,2657.5,2653.0,2656.699951171875,643,0.0,0.0,0.0,0.0,1,0.0,0.006936040594857751,-0.002495311023156921,0.0
2025-01-08,2655.5,2676.89990234375,2653.5,2664.5,999,0.0,0.0,0.0,0.0,1,0.0,0.002935991633034929,0.006936040594857751,0.0
2025-01-09,2669.699951171875,2686.300048828125,2667.89990234375,2683.800048828125,1139,0.0,0.0,0.0,0.0,1,0.0,0.007243403575952323,0.002935991633034929,0.0
2025-01-10,2686.10009765625,2720.10009765625,2683.699951171875,2708.5,403,0.0,0.0,0.0,0.0,0,0.0,0.009203349997202626,0.007243403575952323,0.0
2025-01-13,2711.10009765625,2711.199951171875,2673.5,2673.5,765,0.0,0.0,0.0,0.0,1,0.0,-0.012922281705741168,0.009203349997202626,0.0
2025-01-14,2673.60009765625,2688.300048828125,2670.800048828125,2677.5,794,0.0,0.0,0.0,0.0,1,0.0,0.0014961660744343686,-0.012922281705741168,0.0
2025-01-15,2690.800048828125,2712.5,2690.800048828125,2712.5,930,0.0,0.0,0.0,0.0,1,0.0,0.013071895424836555,0.0014961660744343686,0.0
2025-01-16,2731.699951171875,2749.800048828125,2731.699951171875,2746.39990234375,1721,0.0,0.0,0.0,0.0,0,0.0,0.012497659850230436,0.013071895424836555,0.0
2025-01-17,2736.0,2751.60009765625,2725.5,2744.300048828125,1214,0.0,0.0,0.0,0.0,1,0.0,-0.0007645840337501264,0.012497659850230436,0.0
2025-01-21,2746.0,2755.0,2724.800048828125,2755.0,1439,0.0,0.0,0.0,0.0,1,0.0,0.0038989727732010593,-0.0007645840337501264,0.0
2025-01-22,2754.5,2768.800048828125,2753.5,2767.60009765625,2079,0.0,0.0,0.0,0.0,0,0.0,0.0045735381692377786,0.0038989727732010593,0.0
2025-01-23,2760.0,2765.0,2745.39990234375,2763.10009765625,2201,0.0,0.0,0.0,0.0,1,0.0,-0.0016259574509376318,0.0045735381692377786,0.0
2025-01-24,2759.800048828125,2792.0,2759.800048828125,2777.300048828125,1593,0.0,0.0,0.0,0.0,0,0.0,0.005139137443453512,-0.0016259574509376318,0.0
2025-01-27,2761.10009765625,2762.199951171875,2737.5,2737.5,984,0.0,0.0,0.0,0.0,1,0.0,-0.014330482169155112,0.005139137443453512,0.0
2025-01-28,2738.0,2766.800048828125,2738.0,2766.800048828125,2307,0.0,0.0,0.0,0.0,1,0.0,0.010703214183789944,-0.014330482169155112,0.0
2025-01-29,2769.10009765625,2769.10009765625,2769.10009765625,2769.10009765625,125692,0.0,0.0,0.0,0.0,1,0.0,0.0008313028724642457,0.010703214183789944,0.0
2025-01-30,2772.5,2829.5,2770.0,2823.0,40141,0.0,0.0,0.0,0.0,0,0.0,0.019464772107505413,0.0008313028724642457,0.0
2025-01-31,2829.0,2838.0,2804.0,2812.5,3443,0.0,0.0,0.0,0.0,1,0.0,-0.0037194473963868546,0.019464772107505413,0.0
2025-02-03,2818.199951171875,2848.39990234375,2780.89990234375,2833.89990234375,2649,0.0,0.0,0.0,0.0,1,0.0,0.007608854166666568,-0.0037194473963868546,0.0
2025-02-04,2827.60009765625,2853.300048828125,2816.10009765625,2853.300048828125,2187,0.0,0.0,0.0,0.0,1,0.0,0.006845741611526401,0.007608854166666568,0.0
2025-02-05,2850.0,2880.5,2848.0,2871.60009765625,4519,0.0,0.0,0.0,0.0,0,0.0,0.006413643330515084,0.006845741611526401,0.0
2025-02-06,2865.199951171875,2871.699951171875,2836.300048828125,2856.0,3116,0.0,0.0,0.0,0.0,1,0.0,-0.005432545314712378,0.006413643330515084,0.0
2025-02-07,2859.89990234375,2889.5,2857.800048828125,2867.300048828125,1822,0.0,0.0,0.0,0.0,1,0.0,0.003956599729735721,-0.005432545314712378,0.0
2025-02-10,2864.199951171875,2916.10009765625,2863.800048828125,2914.300048828125,2237,0.0,0.0,0.0,0.0,0,0.0,0.016391727129920985,0.003956599729735721,0.0
2025-02-11,2925.5,2945.39990234375,2890.0,2912.5,2554,0.0,0.0,0.0,0.0,0,0.0,-0.0006176607754746488,0.016391727129920985,0.0
2025-02-12,2902.0,2912.300048828125,2868.60009765625,2909.0,2504,0.0,0.0,0.0,0.0,1,0.0,-0.001201716738197467,-0.0006176607754746488,0.0
2025-02-13,2911.300048828125,2937.699951171875,2910.60009765625,2925.89990234375,4670,0.0,0.0,0.0,0.0,0,0.0,0.005809522978257098,-0.001201716738197467,0.0
2025-02-14,2937.300048828125,2944.39990234375,2874.800048828125,2883.60009765625,1992,0.0,0.0,0.0,0.0,1,0.0,-0.014457023855674711,0.005809522978257098,0.0
2025-02-18,2879.199951171875,2936.39990234375,2873.800048828125,2931.60009765625,4010,0.0,0.0,0.0,0.0,0,0.0,0.01664585877875835,-0.014457023855674711,0.0
2025-02-19,2938.699951171875,2946.0,2917.10009765625,2919.39990234375,2630,0.0,0.0,0.0,0.0,1,0.0,-0.004161616491367259,0.01664585877875835,0.0
2025-02-20,2949.10009765625,2955.800048828125,2924.199951171875,2940.0,656,0.0,0.0,0.0,0.0,0,0.0,0.007056278120620485,-0.004161616491367259,0.0
2025-02-21,2938.800048828125,2940.0,2917.300048828125,2937.60009765625,570,0.0,0.0,0.0,0.0,1,0.0,-0.0008162933142006334,0.007056278120620485,0.0
2025-02-24,2933.10009765625,2957.89990234375,2933.10009765625,2947.89990234375,415,0.0,0.0,0.0,0.0,0,0.0,0.0035061970129008913,-0.0008162933142006334,0.0
2025-02-25,2938.699951171875,2943.199951171875,2890.0,2904.5,1854,0.0,0.0,0.0,0.0,1,0.0,-0.014722312080286182,0.0035061970129008913,0.0
2025-02-26,2913.5,2917.0,2913.0,2916.800048828125,2050,0.0,0.0,0.0,0.0,0,0.0,0.004234824867662246,-0.014722312080286182,0.0
2025-02-27,2918.5,2922.800048828125,2870.39990234375,2883.199951171875,3215,0.0,0.0,0.0,0.0,0,0.0,-0.011519506683274172,0.004234824867662246,0.0
2025-02-28,2877.10009765625,2877.10009765625,2834.10009765625,2836.800048828125,990,0.0,0.0,0.0,0.0,1,0.0,-0.016093196146486743,-0.011519506683274172,0.0
2025-03-03,2872.699951171875,2891.800048828125,2863.39990234375,2890.199951171875,423,0.0,0.0,0.0,0.0,1,0.0,0.018823992323959926,-0.016093196146486743,0.0
2025-03-04,2886.10009765625,2927.89990234375,2886.10009765625,2909.60009765625,885,0.0,0.0,0.0,0.0,1,0.0,0.006712389043017186,0.018823992323959926,0.0
2025-03-05,2916.699951171875,2922.0,2893.0,2915.300048828125,551,0.0,0.0,0.0,0.0,1,0.0,0.0019590153218878026,0.006712389043017186,0.0
2025-03-06,2904.0,2918.60009765625,2903.800048828125,2916.60009765625,870,0.0,0.0,0.0,0.0,0,0.0,0.0004459399740508463,0.0019590153218878026,0.0
2025-03-07,2900.89990234375,2927.300048828125,2900.5,2904.699951171875,531,0.0,0.0,0.0,0.0,0,0.0,-0.00408014334702167,0.0004459399740508463,0.0
2025-03-10,2910.10009765625,2915.10009765625,2880.199951171875,2891.0,55,0.0,0.0,0.0,0.0,1,0.0,-0.0047164772273115,-0.00408014334702167,0.0
2025-03-11,2884.39990234375,2916.699951171875,2880.39990234375,2912.89990234375,197,0.0,0.0,0.0,0.0,1,0.0,0.007575199703822255,-0.0047164772273115,0.0
2025-03-12,2912.0,2939.10009765625,2910.0,2939.10009765625,213,0.0,0.0,0.0,0.0,1,0.0,0.008994540214519287,0.007575199703822255,0.0
2025-03-13,2937.10009765625,2988.0,2935.199951171875,2984.300048828125,2366,0.0,0.0,0.0,0.0,1,0.0,0.015378840349098422,0.008994540214519287,0.0
2025-03-14,2994.39990234375,3004.800048828125,2986.0,2994.5,1800,0.0,0.0,0.0,0.0,1,0.0,0.003417870524071498,0.015378840349098422,0.0
2025-03-17,2991.0,3001.5,2989.0,3000.0,214,0.0,0.0,0.0,0.0,1,0.0,0.0018367006177992806,0.003417870524071498,0.0
2025-03-18,3006.39990234375,3039.199951171875,3004.39990234375,3035.10009765625,428,0.0,0.0,0.0,0.0,1,0.0,0.011700032552083295,0.0018367006177992806,0.0
2025-03-19,3035.199951171875,3050.89990234375,3030.89990234375,3035.89990234375,175,0.0,0.0,0.0,0.0,1,0.0,0.000263518388773365,0.011700032552083295,0.0
2025-03-20,3047.300048828125,3047.300048828125,3034.39990234375,3040.0,185,0.0,0.0,0.0,0.0,0,0.0,0.0013505378267197887,0.000263518388773365,0.0
2025-03-21,3034.5,3037.5,3000.89990234375,3018.199951171875,151,0.0,0.0,0.0,0.0,0,0.0,-0.007171068693462179,0.0013505378267197887,0.0
2025-03-24,3024.300048828125,3024.300048828125,3006.0,3013.10009765625,137,0.0,0.0,0.0,0.0,1,0.0,-0.0016897003505831343,-0.007171068693462179,0.0
2025-03-25,3026.39990234375,3028.800048828125,3023.699951171875,3023.699951171875,74,0.0,0.0,0.0,0.0,0,0.0,0.003517922794489925,-0.0016897003505831343,0.0
2025-03-26,3033.199951171875,3033.199951171875,3019.5,3020.89990234375,83,0.0,0.0,0.0,0.0,1,0.0,-0.000926033956193284,0.003517922794489925,0.0
2025-03-27,3025.5,3065.0,3025.5,3060.199951171875,124359,0.0,0.0,0.0,0.0,1,0.0,0.013009384653107636,-0.000926033956193284,0.0
2025-03-28,3069.699951171875,3094.89990234375,3066.800048828125,3086.5,31206,0.0,0.0,0.0,0.0,1,0.0,0.008594225621777918,0.013009384653107636,0.0
2025-03-31,3091.0,3132.5,3086.0,3122.800048828125,3438,0.0,0.0,0.0,0.0,0,0.0,0.011760910036651584,0.008594225621777918,0.0
2025-04-01,3129.699951171875,3149.5,3104.0,3118.89990234375,1721,0.0,0.0,0.0,0.0,1,0.0,-0.0012489260994595908,0.011760910036651584,0.0
2025-04-02,3120.699951171875,3168.60009765625,3117.39990234375,3139.89990234375,5946,0.0,0.0,0.0,0.0,0,0.0,0.006733143306144385,-0.0012489260994595908,0.0
2025-04-03,3150.0,3166.89990234375,3052.0,3097.0,5516,0.0,0.0,0.0,0.0,0,0.0,-0.013662824828182485,0.006733143306144385,0.0
2025-04-04,3110.5,3127.699951171875,3011.0,3012.0,3247,0.0,0.0,0.0,0.0,0,0.0,-0.02744591540200192,-0.013662824828182485,0.0
2025-04-07,3016.39990234375,3050.800048828125,2949.699951171875,2951.300048828125,4424,0.0,0.0,0.0,0.0,1,0.0,-0.020152706232362205,-0.02744591540200192,0.0
2025-04-08,2994.0,3014.5,2968.39990234375,2968.39990234375,3213,0.0,0.0,0.0,0.0,1,0.0,0.00579400712659317,-0.020152706232362205,0.0
2025-04-09,2965.800048828125,3090.39990234375,2965.800048828125,3056.5,2175,0.0,0.0,0.0,0.0,1,0.0,0.029679322380616213,0.00579400712659317,0.0
2025-04-10,3073.89990234375,3167.0,3072.10009765625,3155.199951171875,3456,0.0,0.0,0.0,0.0,1,0.0,0.0322918210933667,0.029679322380616213,0.0
2025-04-11,3182.10009765625,3235.0,3182.10009765625,3222.199951171875,862,0.0,0.0,0.0,0.0,0,0.0,0.02123478734687345,0.0322918210933667,0.0
2025-04-14,3215.5,3228.800048828125,3194.5,3204.800048828125,263,0.0,0.0,0.0,0.0,1,0.0,-0.005400007016144959,0.02123478734687345,0.0
2025-04-15,3216.0,3218.699951171875,3214.0,3218.699951171875,390,0.0,0.0,0.0,0.0,1,0.0,0.004337213595847489,-0.005400007016144959,0.0
2025-04-16,3238.300048828125,3334.89990234375,3238.300048828125,3326.60009765625,1874,0.0,0.0,0.0,0.0,0,0.0,0.03352289685936416,0.004337213595847489,0.0
2025-04-17,3345.0,3345.0,3287.800048828125,3308.699951171875,824,0.0,0.0,0.0,0.0,1,0.0,-0.005380913232397977,0.03352289685936416,0.0
2025-04-21,3342.199951171875,3418.5,3342.199951171875,3406.199951171875,78,0.0,0.0,0.0,0.0,0,0.0,0.029467767231497577,-0.005380913232397977,0.0
2025-04-22,3422.199951171875,3485.60009765625,3361.699951171875,3400.800048828125,785,0.0,0.0,0.0,0.0,0,0.0,-0.0015853157246075167,0.029467767231497577,0.0
2025-04-23,3321.199951171875,3370.300048828125,3256.199951171875,3276.300048828125,331,0.0,0.0,0.0,0.0,1,0.0,-0.03660903264303972,-0.0015853157246075167,0.0
2025-04-24,3305.39990234375,3353.89990234375,3304.89990234375,3332.0,560,0.0,0.0,0.0,0.0,0,0.0,0.017000869988021305,-0.03660903264303972,0.0
2025-04-25,3355.5,3355.5,3266.10009765625,3282.39990234375,162,0.0,0.0,0.0,0.0,1,0.0,-0.014885983690351101,0.017000869988021305,0.0
2025-04-28,3284.5,3332.5,3284.5,3332.5,1300,0.0,0.0,0.0,0.0,0,0.0,0.015263252238240987,-0.014885983690351101,0.0
2025-04-29,3340.0,3340.0,3299.89990234375,3318.800048828125,1278,0.0,0.0,0.0,0.0,0,0.0,-0.0041110131048387455,0.015263252238240987,0.0
2025-04-30,3318.699951171875,3318.699951171875,3268.0,3305.0,207,0.0,0.0,0.0,0.0,0,0.0,-0.004158144095784855,-0.0041110131048387455,0.0
2025-05-01,3272.89990234375,3275.0,3198.60009765625,3210.0,2131,0.0,0.0,0.0,0.0,1,0.0,-0.02874432677760963,-0.004158144095784855,0.0
2025-05-02,3239.89990234375,3257.0,3225.0,3231.89990234375,1349,0.0,0.0,0.0,0.0,1,0.0,0.006822399484034181,-0.02874432677760963,0.0
2025-05-05,3242.699951171875,3315.699951171875,3239.699951171875,3311.300048828125,244,0.0,0.0,0.0,0.0,1,0.0,0.024567637885936522,0.006822399484034181,0.0
2025-05-06,3365.5,3430.89990234375,3356.800048828125,3411.39990234375,2357,0.0,0.0,0.0,0.0,0,0.0,0.03022977442079,0.024567637885936522,0.0
2025-05-07,3418.699951171875,3418.699951171875,3364.699951171875,3381.39990234375,1080,0.0,0.0,0.0,0.0,0,0.0,-0.008794043752944014,0.03022977442079,0.0
2025-05-08,3390.0,3390.0,3288.699951171875,3296.60009765625,200,0.0,0.0,0.0,0.0,1,0.0,-0.025078312869389552,-0.008794043752944014,0.0
2025-05-09,3299.0,3335.5,3299.0,3335.39990234375,216,0.0,0.0,0.0,0.0,0,0.0,0.011769642522029056,-0.025078312869389552,0.0
2025-05-12,3300.699951171875,3300.699951171875,3205.0,3220.0,886,0.0,0.0,0.0,0.0,1,0.0,-0.03459852063396052,0.011769642522029056,0.0
2025-05-13,3232.0,3251.39990234375,3223.5,3240.300048828125,2424,0.0,0.0,0.0,0.0,0,0.0,0.0063043629901009535,-0.03459852063396052,0.0
2025-05-14,3233.0,3233.0,3171.699951171875,3181.39990234375,3518,0.0,0.0,0.0,0.0,1,0.0,-0.01817737419276233,0.0063043629901009535,0.0
2025-05-15,3151.0,3228.10009765625,3125.0,3220.699951171875,652,0.0,0.0,0.0,0.0,0,0.0,0.012353067842610033,-0.01817737419276233,0.0
2025-05-16,3227.699951171875,3228.10009765625,3173.89990234375,3182.0,199,0.0,0.0,0.0,0.0,1,0.0,-0.012016006383268829,0.012353067842610033,0.0
2025-05-19,3234.39990234375,3241.0,3228.300048828125,3228.89990234375,266,0.0,0.0,0.0,0.0,1,0.0,0.01473912707220304,-0.012016006383268829,0.0
2025-05-20,3219.0,3293.199951171875,3207.5,3280.300048828125,356,0.0,0.0,0.0,0.0,1,0.0,0.015918779782261305,0.01473912707220304,0.0
2025-05-21,3293.39990234375,3317.5,3290.199951171875,3309.300048828125,979,0.0,0.0,0.0,0.0,0,0.0,0.008840654686561367,0.015918779782261305,0.0
2025-05-22,3327.300048828125,3328.0,3282.699951171875,3292.300048828125,1210,0.0,0.0,0.0,0.0,1,0.0,-0.0051370379685032885,0.008840654686561367,0.0
2025-05-23,3328.0,3363.60009765625,3323.5,3363.60009765625,47,0.0,0.0,0.0,0.0,0,0.0,0.021656607165408293,-0.0051370379685032885,0.0
2025-05-27,3332.5,3341.0,3296.300048828125,3299.10009765625,189,0.0,0.0,0.0,0.0,0,0.0,-0.0191758824257805,0.021656607165408293,0.0
2025-05-28,3293.60009765625,3293.60009765625,3293.60009765625,3293.60009765625,127758,0.0,0.0,0.0,0.0,1,0.0,-0.0016671212867737095,-0.0191758824257805,0.0
2025-05-29,3283.699951171875,3328.800048828125,3242.39990234375,3317.10009765625,24370,0.0,0.0,0.0,0.0,0,0.0,0.007135049581982633,-0.0016671212867737095,0.0
2025-05-30,3315.10009765625,3318.0,3270.89990234375,3288.89990234375,2213,0.0,0.0,0.0,0.0,1,0.0,-0.008501460457109866,0.007135049581982633,0.0
2025-06-02,3296.89990234375,3380.800048828125,3296.89990234375,3370.60009765625,976,0.0,0.0,0.0,0.0,0,0.0,0.024841192416430236,-0.008501460457109866,0.0
2025-06-03,3385.10009765625,3390.0,3331.300048828125,3350.199951171875,6410,0.0,0.0,0.0,0.0,1,0.0,-0.006052378179944973,0.024841192416430236,0.0
2025-06-04,3355.0,3380.0,3344.0,3373.5,207,0.0,0.0,0.0,0.0,0,0.0,0.006954823344193173,-0.006052378179944973,0.0
2025-06-05,3371.5,3400.0,3343.699951171875,3350.699951171875,731,0.0,0.0,0.0,0.0,0,0.0,-0.0067585738337409,0.006954823344193173,0.0
2025-06-06,3364.300048828125,3364.300048828125,3306.0,3322.699951171875,81,0.0,0.0,0.0,0.0,1,0.0,-0.008356462950437349,-0.0067585738337409,0.0
2025-06-09,3315.60009765625,3334.60009765625,3290.0,3332.10009765625,1887,0.0,0.0,0.0,0.0,0,0.0,0.002829068715957783,-0.008356462950437349,0.0
2025-06-10,3302.0,3344.300048828125,3302.0,3320.89990234375,65,0.0,0.0,0.0,0.0,1,0.0,-0.0033613021770798612,0.002829068715957783,0.0
2025-06-11,3328.0,3356.0,3321.300048828125,3321.300048828125,2106,0.0,0.0,0.0,0.0,1,0.0,0.0001204933891842952,-0.0033613021770798612,0.0
2025-06-12,3363.0,3395.89990234375,3353.39990234375,3380.89990234375,1818,0.0,0.0,0.0,0.0,1,0.0,0.01794473628983151,0.0001204933891842952,0.0
2025-06-13,3407.300048828125,3444.0,3407.300048828125,3431.199951171875,499,0.0,0.0,0.0,0.0,0,0.0,0.014877710160320134,0.01794473628983151,0.0
2025-06-16,3442.0,3442.0,3385.39990234375,3396.39990234375,480,0.0,0.0,0.0,0.0,0,0.0,-0.010142238669664128,0.014877710160320134,0.0
2025-06-17,3398.300048828125,3398.300048828125,3376.10009765625,3386.60009765625,1477,0.0,0.0,0.0,0.0,1,0.0,-0.002885350656363417,-0.010142238669664128,0.0
2025-06-18,3385.300048828125,3391.89990234375,3365.10009765625,3389.800048828125,0,0.0,0.0,0.0,0.0,0,0.0,0.0009448860448830754,-0.002885350656363417,0.0
2025-06-20,3350.0,3372.89990234375,3341.0,3368.10009765625,709,0.0,0.0,0.0,0.0,1,0.0,-0.006401543117381503,0.0009448860448830754,0.0
2025-06-23,3365.89990234375,3387.89990234375,3350.0,3377.699951171875,30,0.0,0.0,0.0,0.0,0,0.0,0.00285022809218316,-0.006401543117381503,0.0
2025-06-24,3358.0,3358.0,3301.0,3317.39990234375,538,0.0,0.0,0.0,0.0,1,0.0,-0.017852399472962133,0.00285022809218316,0.0
2025-06-25,3321.60009765625,3331.199951171875,3310.60009765625,3327.10009765625,373,0.0,0.0,0.0,0.0,1,0.0,0.0029240355694371,-0.017852399472962133,0.0
2025-06-26,3332.39990234375,3333.5,3332.39990234375,3333.5,2058,0.0,0.0,0.0,0.0,0,0.0,0.0019235677184039623,0.0029240355694371,0.0
2025-06-27,3318.699951171875,3318.699951171875,3253.800048828125,3273.699951171875,284,0.0,0.0,0.0,0.0,1,0.0,-0.017939117692552853,0.0019235677184039623,0.0
2025-06-30,3265.89990234375,3306.89990234375,3262.0,3294.39990234375,1242,0.0,0.0,0.0,0.0,1,0.0,0.006323105807074736,-0.017939117692552853,0.0
2025-07-01,3310.10009765625,3354.10009765625,3310.10009765625,3336.699951171875,371,0.0,0.0,0.0,0.0,1,0.0,0.012839986061810915,0.006323105807074736,0.0
2025-07-02,3329.0,3357.5,3329.0,3348.0,39,0.0,0.0,0.0,0.0,0,0.0,0.00338659423786547,0.012839986061810915,0.0
2025-07-03,3362.0,3362.0,3322.300048828125,3331.60009765625,0,0.0,0.0,0.0,0.0,1,0.0,-0.0048984176653972256,0.00338659423786547,0.0
2025-07-04,3342.0,3342.0,3332.5,3332.5,0,0.0,0.0,0.0,0.0,0,0.0,0.0002701111530112321,-0.0048984176653972256,0.0
2025-07-07,3305.5,3333.300048828125,3299.199951171875,3332.199951171875,254,0.0,0.0,0.0,0.0,0,0.0,-9.003715772692988e-05,0.0002701111530112321,0.0
2025-07-08,3330.39990234375,3334.5,3287.60009765625,3307.0,909,0.0,0.0,0.0,0.0,1,0.0,-0.007562556731630865,-9.003715772692988e-05,0.0
2025-07-09,3289.39990234375,3314.0,3282.0,3311.60009765625,114,0.0,0.0,0.0,0.0,1,0.0,0.0013910183417751298,-0.007562556731630865,0.0
2025-07-10,3323.60009765625,3330.5,3311.60009765625,3317.39990234375,209,0.0,0.0,0.0,0.0,1,0.0,0.0017513602235985637,0.0013910183417751298,0.0
2025-07-11,3330.5,3370.0,3330.5,3356.0,776,0.0,0.0,0.0,0.0,0,0.0,0.011635648035372315,0.0017513602235985637,0.0
2025-07-14,3367.0,3375.5,3350.0,3351.5,583,0.0,0.0,0.0,0.0,0,0.0,-0.001340882002383803,0.011635648035372315,0.0
2025-07-15,3341.0,3341.0,3329.800048828125,3329.800048828125,210,0.0,0.0,0.0,0.0,1,0.0,-0.0064746982461211244,-0.001340882002383803,0.0
2025-07-16,3341.199951171875,3352.89990234375,3329.5,3352.5,10,0.0,0.0,0.0,0.0,0,0.0,0.006817211495886655,-0.0064746982461211244,0.0
2025-07-17,3313.800048828125,3340.800048828125,3313.800048828125,3340.10009765625,667,0.0,0.0,0.0,0.0,1,0.0,-0.003698703159955241,0.006817211495886655,0.0
2025-07-18,3338.199951171875,3353.0,3338.199951171875,3353.0,602,0.0,0.0,0.0,0.0,1,0.0,0.0038621304651325072,-0.003698703159955241,0.0
2025-07-21,3350.300048828125,3411.699951171875,3350.300048828125,3401.89990234375,53,0.0,0.0,0.0,0.0,1,0.0,0.014583925542424714,0.0038621304651325072,0.0
2025-07-22,3411.0,3441.0,3395.60009765625,3439.199951171875,39,0.0,0.0,0.0,0.0,0,0.0,0.010964475704422494,0.014583925542424714,0.0
2025-07-23,3430.300048828125,3433.89990234375,3388.10009765625,3394.10009765625,63,0.0,0.0,0.0,0.0,0,0.0,-0.013113472364483347,0.010964475704422494,0.0
2025-07-24,3367.0,3371.0,3367.0,3371.0,1175,0.0,0.0,0.0,0.0,0,0.0,-0.006805956510299027,-0.013113472364483347,0.0
2025-07-25,3344.0,3345.0,3326.5,3334.0,67,0.0,0.0,0.0,0.0,0,0.0,-0.010975971521803629,-0.006805956510299027,0.0
2025-07-28,3326.60009765625,3326.800048828125,3309.10009765625,3309.10009765625,533,0.0,0.0,0.0,0.0,1,0.0,-0.007468477007723462,-0.010975971521803629,0.0
2025-07-29,3323.39990234375,3323.39990234375,3323.39990234375,3323.39990234375,113144,0.0,0.0,0.0,0.0,0,0.0,0.00432135754902907,-0.007468477007723462,0.0
2025-07-30,3325.800048828125,3331.800048828125,3263.89990234375,3295.800048828125,19252,0.0,0.0,0.0,0.0,0,0.0,-0.008304704316853595,0.00432135754902907,0.0
2025-07-31,3272.89990234375,3312.0,3272.89990234375,3293.199951171875,3704,0.0,0.0,0.0,0.0,1,0.0,-0.0007889124393861691,-0.008304704316853595,0.0
2025-08-01,3286.199951171875,3360.60009765625,3281.0,3347.699951171875,3420,0.0,0.0,0.0,0.0,1,0.0,0.01654925325156964,-0.0007889124393861691,0.0
2025-08-04,3367.60009765625,3386.5,3347.39990234375,3374.39990234375,351,0.0,0.0,0.0,0.0,1,0.0,0.007975610586763882,0.01654925325156964,0.0
2025-08-05,3378.5,3387.199951171875,3351.199951171875,3381.89990234375,915,0.0,0.0,0.0,0.0,0,0.0,0.00222261741851959,0.007975610586763882,0.0
2025-08-06,3380.699951171875,3383.300048828125,3361.300048828125,3380.0,1492,0.0,0.0,0.0,0.0,1,0.0,-0.0005617855047789222,0.00222261741851959,0.0
2025-08-07,3384.89990234375,3422.89990234375,3384.89990234375,3400.300048828125,5464,0.0,0.0,0.0,0.0,1,0.0,0.006005931605954196,-0.0005617855047789222,0.0
2025-08-08,3438.800048828125,3477.0,3402.5,3439.10009765625,7657,0.0,0.0,0.0,0.0,0,0.0,0.011410772070393316,0.006005931605954196,0.0
2025-08-11,3383.89990234375,3383.89990234375,3349.199951171875,3353.10009765625,1488,0.0,0.0,0.0,0.0,0,0.0,-0.025006541699268636,0.011410772070393316,0.0
2025-08-12,3356.199951171875,3356.199951171875,3330.10009765625,3348.89990234375,1611,0.0,0.0,0.0,0.0,1,0.0,-0.0012526304584333792,-0.025006541699268636,0.0
2025-08-13,3358.800048828125,3363.39990234375,3358.699951171875,3358.699951171875,1011,0.0,0.0,0.0,0.0,0,0.0,0.002926348685807545,-0.0012526304584333792,0.0
2025-08-14,3346.800048828125,3356.0,3328.89990234375,3335.199951171875,592,0.0,0.0,0.0,0.0,1,0.0,-0.006996754798475169,0.002926348685807545,0.0
2025-08-15,3346.800048828125,3346.800048828125,3335.89990234375,3336.0,1185,0.0,0.0,0.0,0.0,0,0.0,0.00023988031897270723,-0.006996754798475169,0.0
2025-08-18,3333.5,3347.800048828125,3331.699951171875,3331.699951171875,646,0.0,0.0,0.0,0.0,0,0.0,-0.0012889834616681695,0.00023988031897270723,0.0
2025-08-19,3330.199951171875,3343.5,3313.39990234375,3313.39990234375,1655,0.0,0.0,0.0,0.0,1,0.0,-0.00549270615491293,-0.0012889834616681695,0.0
2025-08-20,3310.60009765625,3343.5,3310.10009765625,3343.39990234375,1213,0.0,0.0,0.0,0.0,0,0.0,0.009054144046657164,-0.00549270615491293,0.0
2025-08-21,3349.39990234375,3349.39990234375,3326.5,3336.89990234375,142,0.0,0.0,0.0,0.0,1,0.0,-0.0019441287880170854,0.009054144046657164,0.0
2025-08-22,3349.39990234375,3377.699951171875,3349.39990234375,3374.39990234375,1240,0.0,0.0,0.0,0.0,0,0.0,0.011237975695243652,-0.0019441287880170854,0.0
2025-08-25,3366.0,3378.0,3366.0,3373.800048828125,1044,0.0,0.0,0.0,0.0,1,0.0,-0.00017776598298513413,0.011237975695243652,0.0
2025-08-26,3378.89990234375,3396.5,3371.10009765625,3388.60009765625,905,0.0,0.0,0.0,0.0,1,0.0,0.00438675932596122,-0.00017776598298513413,0.0
2025-08-27,3397.0,3404.60009765625,3382.0,3404.60009765625,3222,0.0,0.0,0.0,0.0,1,0.0,0.004721713846100206,0.00438675932596122,0.0
2025-08-28,3409.0,3434.60009765625,3400.0,3431.800048828125,1035,0.0,0.0,0.0,0.0,1,0.0,0.007989176523433672,0.004721713846100206,0.0
2025-08-29,3432.5,3475.60009765625,3426.60009765625,3473.699951171875,0,0.0,0.0,0.0,0.0,1,0.0,0.012209307578411543,0.007989176523433672,0.0
2025-09-02,3485.699951171875,3559.199951171875,3485.699951171875,3549.39990234375,658,0.0,0.0,0.0,0.0,1,0.0,0.02179231143620708,0.012209307578411543,0.0
2025-09-03,3554.800048828125,3593.699951171875,3553.199951171875,3593.199951171875,72,0.0,0.0,0.0,0.0,0,0.0,0.012340127918300414,0.02179231143620708,0.0
2025-09-04,3549.89990234375,3573.60009765625,3549.89990234375,3565.800048828125,237,0.0,0.0,0.0,0.0,1,0.0,-0.007625487786955487,0.012340127918300414,0.0
2025-09-05,3567.800048828125,3613.199951171875,3567.800048828125,3613.199951171875,925,0.0,0.0,0.0,0.0,1,0.0,0.01329292211977151,-0.007625487786955487,0.0
2025-09-08,3594.5,3641.0,3590.0,3638.10009765625,97,0.0,0.0,0.0,0.0,1,0.0,0.0068914388411576155,0.01329292211977151,0.0
2025-09-09,3647.10009765625,3670.39990234375,3627.800048828125,3643.300048828125,535,0.0,0.0,0.0,0.0,1,0.0,0.0014293040412012292,0.0068914388411576155,0.0
2025-09-10,3625.0,3655.39990234375,3620.800048828125,3643.60009765625,136,0.0,0.0,0.0,0.0,0,0.0,8.235633192543723e-05,0.0014293040412012292,0.0
2025-09-11,3632.89990234375,3636.89990234375,3618.39990234375,3636.89990234375,307,0.0,0.0,0.0,0.0,1,0.0,-0.001838894261971813,8.235633192543723e-05,0.0
2025-09-12,3655.5,3656.800048828125,3643.0,3649.39990234375,1300,0.0,0.0,0.0,0.0,1,0.0,0.00343699313581447,-0.001838894261971813,0.0
2025-09-15,3640.0,3686.39990234375,3635.10009765625,3682.199951171875,210,0.0,0.0,0.0,0.0,1,0.0,0.008987792433232666,0.00343699313581447,0.0
2025-09-16,3681.39990234375,3698.60009765625,3681.39990234375,3688.89990234375,373,0.0,0.0,0.0,0.0,0,0.0,0.0018195511543968035,0.008987792433232666,0.0
2025-09-17,3669.0,3685.199951171875,3661.60009765625,3681.800048828125,183,0.0,0.0,0.0,0.0,0,0.0,-0.0019246533393638687,0.0018195511543968035,0.0
2025-09-18,3654.60009765625,3667.39990234375,3637.0,3643.699951171875,80,0.0,0.0,0.0,0.0,1,0.0,-0.010348225637178965,-0.0019246533393638687,0.0
2025-09-19,3659.0,3685.89990234375,3658.199951171875,3671.5,211,0.0,0.0,0.0,0.0,1,0.0,0.007629620770278844,-0.010348225637178965,0.0
2025-09-22,3688.199951171875,3748.199951171875,3688.0,3740.699951171875,410,0.0,0.0,0.0,0.0,1,0.0,0.01884786903768898,0.007629620770278844,0.0
2025-09-23,3747.0,3786.0,3740.0,3780.60009765625,627,0.0,0.0,0.0,0.0,0,0.0,0.010666492101799152,0.01884786903768898,0.0
2025-09-24,3769.800048828125,3772.5,3732.10009765625,3732.10009765625,588,0.0,0.0,0.0,0.0,1,0.0,-0.012828651205417652,0.010666492101799152,0.0
2025-09-25,3742.800048828125,3756.0,3724.699951171875,3736.89990234375,1899,0.0,0.0,0.0,0.0,1,0.0,0.0012860868041868478,-0.012828651205417652,0.0
2025-09-26,3775.300048828125,3775.300048828125,3775.300048828125,3775.300048828125,19308,0.0,0.0,0.0,0.0,1,0.0,0.010275936601965352,0.0012860868041868478,0.0
2025-09-29,3754.800048828125,3827.60009765625,3754.800048828125,3820.89990234375,8860,0.0,0.0,0.0,0.0,1,0.0,0.012078471360118748,0.010275936601965352,0.0
2025-09-30,3827.5,3865.5,3793.39990234375,3840.800048828125,1611,0.0,0.0,0.0,0.0,1,0.0,0.005208235492420998,0.012078471360118748,0.0
2025-10-01,3863.5,3891.89990234375,3853.300048828125,3867.5,1778,0.0,0.0,0.0,0.0,0,0.0,0.006951663932628138,0.005208235492420998,0.0
2025-10-02,3856.199951171875,3888.60009765625,3823.699951171875,3839.699951171875,3418,0.0,0.0,0.0,0.0,1,0.0,-0.007188118636877849,0.006951663932628138,0.0
2025-10-03,3855.199951171875,3886.800048828125,3853.699951171875,3880.800048828125,392,0.0,0.0,0.0,0.0,1,0.0,0.010703986816393396,-0.007188118636877849,0.0
2025-10-06,3931.300048828125,3960.0,3926.800048828125,3948.5,1267,0.0,0.0,0.0,0.0,1,0.0,0.01744484392910639,0.010703986816393396,0.0
2025-10-07,3959.39990234375,3981.5,3940.0,3976.60009765625,2903,0.0,0.0,0.0,0.0,1,0.0,0.007116651299544197,0.01744484392910639,0.0
2025-10-08,3987.199951171875,4049.199951171875,3987.199951171875,4043.300048828125,2179,0.0,0.0,0.0,0.0,0,0.0,0.016773110077421993,0.007116651299544197,0.0
2025-10-09,4011.199951171875,4046.199951171875,3940.0,3946.300048828125,3130,0.0,0.0,0.0,0.0,1,0.0,-0.02399030465921359,0.016773110077421993,0.0
2025-10-10,3957.0,4012.0,3945.5,3975.89990234375,1697,0.0,0.0,0.0,0.0,1,0.0,0.007500659643053353,-0.02399030465921359,0.0
2025-10-13,4016.0,4111.0,4016.0,4108.60009765625,1697,0.0,0.0,0.0,0.0,1,0.0,0.033376140891845596,0.007500659643053353,0.0
2025-10-14,4131.7001953125,4160.10009765625,4085.800048828125,4138.7001953125,2424,0.0,0.0,0.0,0.0,1,0.0,0.007326120075161535,0.033376140891845596,0.0
2025-10-15,4145.0,4210.60009765625,4145.0,4176.89990234375,3287,0.0,0.0,0.0,0.0,1,0.0,0.009229880210824382,0.007326120075161535,0.0
2025-10-16,4198.7998046875,4307.0,4196.60009765625,4280.2001953125,4705,0.0,0.0,0.0,0.0,0,0.0,0.024731330743833713,0.009229880210824382,0.0
2025-10-17,4354.7001953125,4358.0,4182.2001953125,4189.89990234375,4060,0.0,0.0,0.0,0.0,1,0.0,-0.021097212477968474,0.024731330743833713,0.0
2025-10-20,4244.10009765625,4356.60009765625,4214.60009765625,4336.39990234375,1750,0.0,0.0,0.0,0.0,0,0.0,0.03496503577998378,-0.021097212477968474,0.0
2025-10-21,4332.7001953125,4332.7001953125,4087.699951171875,4087.699951171875,2943,0.0,0.0,0.0,0.0,0,0.0,-0.057351710352510854,0.03496503577998378,0.0
2025-10-22,4109.7001953125,4148.5,4006.0,4044.39990234375,1237,0.0,0.0,0.0,0.0,1,0.0,-0.010592765943036375,-0.057351710352510854,0.0
2025-10-23,4078.39990234375,4136.7998046875,4070.699951171875,4125.5,354,0.0,0.0,0.0,0.0,0,0.0,0.02005244278866991,-0.010592765943036375,0.0
2025-10-24,4117.5,4120.60009765625,4074.89990234375,4118.39990234375,123,0.0,0.0,0.0,0.0,0,0.0,-0.001721027186098678,0.02005244278866991,0.0
2025-10-27,4060.0,4078.60009765625,3971.300048828125,4001.89990234375,220,0.0,0.0,0.0,0.0,0,0.0,-0.028287685208447266,-0.001721027186098678,0.0
2025-10-28,3929.699951171875,3966.199951171875,3923.60009765625,3966.199951171875,219,0.0,0.0,0.0,0.0,1,0.0,-0.008920750654199727,-0.028287685208447266,0.0
2025-10-29,3983.699951171875,3983.699951171875,3983.699951171875,3983.699951171875,1344,0.0,0.0,0.0,0.0,1,0.0,0.0044122838524138785,-0.008920750654199727,0.0
2025-10-30,3960.0,4027.199951171875,3913.699951171875,4001.300048828125,935,0.0,0.0,0.0,0.0,0,0.0,0.00441802793181556,0.0044122838524138785,0.0
2025-10-31,4034.5,4034.5,3976.60009765625,3982.199951171875,559,0.0,0.0,0.0,0.0,1,0.0,-0.004773472977074977,0.00441802793181556,0.0
2025-11-03,3976.199951171875,4020.0,3959.0,4000.300048828125,0,0.0,0.0,0.0,0.0,0,0.0,0.004545250835765735,-0.004773472977074977,0.0
2025-11-04,3994.199951171875,3995.39990234375,3927.39990234375,3947.699951171875,657,0.0,0.0,0.0,0.0,1,0.0,-0.013149038075696118,0.004545250835765735,0.0
2025-11-05,3929.89990234375,3983.5,3929.89990234375,3980.300048828125,559,0.0,0.0,0.0,0.0,0,0.0,0.008257997836581543,-0.013149038075696118,0.0
2025-11-06,4004.0,4007.5,3979.89990234375,3979.89990234375,650,0.0,0.0,0.0,0.0,1,0.0,-0.00010053173867952125,0.008257997836581543,0.0
2025-11-07,3980.800048828125,3999.39990234375,3980.800048828125,3999.39990234375,245,0.0,0.0,0.0,0.0,1,0.0,0.004899620713705977,-0.00010053173867952125,0.0
2025-11-10,4060.0,4111.7998046875,4060.0,4111.7998046875,189,0.0,0.0,0.0,0.0,0,0.0,0.02810419190086022,0.004899620713705977,0.0
2025-11-11,4140.10009765625,4140.10009765625,4106.7998046875,4106.7998046875,569,0.0,0.0,0.0,0.0,1,0.0,-0.0012160125097286922,0.02810419190086022,0.0
2025-11-12,4115.60009765625,4204.39990234375,4102.89990234375,4204.39990234375,396,0.0,0.0,0.0,0.0,0,0.0,0.023765487069725033,-0.0012160125097286922,0.0
2025-11-13,4228.7001953125,4228.7001953125,4163.7001953125,4186.89990234375,167,0.0,0.0,0.0,0.0,0,0.0,-0.004162306252134762,0.023765487069725033,0.0
2025-11-14,4197.7001953125,4197.89990234375,4047.0,4087.60009765625,483,0.0,0.0,0.0,0.0,0,0.0,-0.02371678497303309,-0.004162306252134762,0.0
2025-11-17,4070.0,4099.5,4019.39990234375,4068.300048828125,1552,0.0,0.0,0.0,0.0,0,0.0,-0.004721608857772397,-0.02371678497303309,0.0
2025-11-18,4037.39990234375,4063.39990234375,4035.60009765625,4061.300048828125,1375,0.0,0.0,0.0,0.0,1,0.0,-0.0017206203859069236,-0.004721608857772397,0.0
2025-11-19,4086.10009765625,4122.7001953125,4072.0,4077.699951171875,486,0.0,0.0,0.0,0.0,0,0.0,0.004038091780114161,-0.0017206203859069236,0.0
2025-11-20,4045.0,4090.39990234375,4040.199951171875,4056.5,202,0.0,0.0,0.0,0.0,1,0.0,-0.005198997333235034,0.004038091780114161,0.0
2025-11-21,4031.800048828125,4085.199951171875,4031.800048828125,4076.699951171875,171,0.0,0.0,0.0,0.0,1,0.0,0.0049796502334216175,-0.005198997333235034,0.0
2025-11-24,4060.5,4091.89990234375,4060.5,4091.89990234375,591,0.0,0.0,0.0,0.0,1,0.0,0.003728493966671742,0.0049796502334216175,0.0
2025-11-25,4139.2001953125,4139.2001953125,4139.2001953125,4139.2001953125,132704,0.0,0.0,0.0,0.0,1,0.0,0.01155949414638835,0.003728493966671742,0.0
2025-11-26,4128.60009765625,4171.0,4127.5,4165.2001953125,25088,0.0,0.0,0.0,0.0,1,0.0,0.006281406738781081,0.01155949414638835,0.0
2025-11-28,4163.39990234375,4223.89990234375,4140.0,4218.2998046875,3615,0.0,0.0,0.0,0.0,1,0.0,0.012748393086785548,0.006281406738781081,0.0
2025-12-01,4218.5,4262.10009765625,4214.89990234375,4239.2998046875,913,0.0,0.0,0.0,0.0,0,0.0,0.004978309027884764,0.012748393086785548,0.0
2025-12-02,4230.5,4230.5,4167.0,4186.60009765625,366,0.0,0.0,0.0,0.0,1,0.0,-0.012431229084807538,0.004978309027884764,0.0
2025-12-03,4215.7001953125,4234.10009765625,4195.7001953125,4199.2998046875,1897,0.0,0.0,0.0,0.0,1,0.0,0.0030334177459079292,-0.012431229084807538,0.0
2025-12-04,4211.0,4211.7998046875,4175.0,4211.7998046875,616,0.0,0.0,0.0,0.0,1,0.0,0.0029766867290701438,0.0030334177459079292,0.0
2025-12-05,4204.10009765625,4255.7001953125,4194.5,4212.89990234375,533,0.0,0.0,0.0,0.0,0,0.0,0.0002611941942316509,0.0029766867290701438,0.0
2025-12-08,4205.5,4215.7998046875,4175.5,4187.2001953125,318,0.0,0.0,0.0,0.0,1,0.0,-0.006100241550233032,0.0002611941942316509,0.0
2025-12-09,4190.7001953125,4219.7001953125,4177.7001953125,4206.7001953125,660,0.0,0.0,0.0,0.0,0,0.0,0.004657049840088856,-0.006100241550233032,0.0
2025-12-10,4209.0,4234.5,4183.60009765625,4196.39990234375,692,0.0,0.0,0.0,0.0,1,0.0,-0.002448544581386547,0.004657049840088856,0.0
2025-12-11,4224.0,4286.89990234375,4214.2998046875,4285.5,528,0.0,0.0,0.0,0.0,1,0.0,0.021232508752677903,-0.002448544581386547,0.0
2025-12-12,4276.39990234375,4355.0,4260.0,4300.10009765625,1531,0.0,0.0,0.0,0.0,1,0.0,0.0034068597961147695,0.021232508752677903,0.0
2025-12-15,4308.2998046875,4349.2001953125,4292.89990234375,4306.7001953125,854,0.0,0.0,0.0,0.0,0,0.0,0.001534870702160518,0.0034068597961147695,0.0
2025-12-16,4270.5,4321.39990234375,4270.5,4304.5,1796,0.0,0.0,0.0,0.0,1,0.0,-0.0005108772871849077,0.001534870702160518,0.0
2025-12-17,4308.5,4351.39990234375,4308.5,4347.5,2169,0.0,0.0,0.0,0.0,0,0.0,0.009989545824137469,-0.0005108772871849077,0.0
2025-12-18,4331.0,4348.10009765625,4328.2001953125,4339.5,705,0.0,0.0,0.0,0.0,1,0.0,-0.001840138010350767,0.009989545824137469,0.0
2025-12-19,4350.10009765625,4361.39990234375,4350.10009765625,4361.39990234375,1065,0.0,0.0,0.0,0.0,1,0.0,0.005046641858220902,-0.001840138010350767,0.0
2025-12-22,4371.10009765625,4447.60009765625,4371.10009765625,4444.60009765625,449,0.0,0.0,0.0,0.0,1,0.0,0.019076488553088078,0.005046641858220902,0.0
2025-12-23,4503.2998046875,4503.7998046875,4450.39990234375,4482.7998046875,694,0.0,0.0,0.0,0.0,0,0.0,0.008594633081026481,0.019076488553088078,0.0
2025-12-24,4500.7001953125,4503.39990234375,4468.39990234375,4480.60009765625,500,0.0,0.0,0.0,0.0,1,0.0,-0.000490699368048908,0.008594633081026481,0.0
2025-12-26,4512.0,4556.2998046875,4502.0,4529.10009765625,263,0.0,0.0,0.0,0.0,0,0.0,0.010824442919012078,-0.000490699368048908,0.0
2025-12-29,4371.5,4379.0,4325.10009765625,4325.10009765625,2044,0.0,0.0,0.0,0.0,1,0.0,-0.04504206036549452,0.010824442919012078,0.0
2025-12-30,4346.39990234375,4403.60009765625,4338.0,4370.10009765625,1837,0.0,0.0,0.0,0.0,0,0.0,0.010404383478751278,-0.04504206036549452,0.0
2025-12-31,4333.5,4363.7998046875,4285.0,4325.60009765625,785,0.0,0.0,0.0,0.0,0,0.0,-0.010182833117224455,0.010404383478751278,0.0
2026-01-02,4350.60009765625,4350.60009765625,4314.39990234375,4314.39990234375,589,0.0,0.0,0.0,0.0,1,0.0,-0.0025892812695673673,-0.010182833117224455,0.0
2026-01-05,4386.7001953125,4443.5,4384.7998046875,4436.89990234375,618,0.0,0.0,0.0,0.0,1,0.0,0.028393288237711367,-0.0025892812695673673,0.0
2026-01-06,4449.7001953125,4482.2001953125,4449.0,4482.2001953125,459,0.0,0.0,0.0,0.0,0,0.0,0.010209897443217208,0.028393288237711367,0.0
2026-01-07,4450.0,4450.0,4449.2998046875,4449.2998046875,972,0.0,0.0,0.0,0.0,1,0.0,-0.00734023229471259,0.010209897443217208,0.0
2026-01-08,4460.2001953125,4461.2998046875,4418.0,4449.7001953125,2423,0.0,0.0,0.0,0.0,1,0.0,8.998958096251286e-05,-0.00734023229471259,0.0
2026-01-09,4473.0,4490.2998046875,4473.0,4490.2998046875,237,0.0,0.0,0.0,0.0,1,0.0,0.009124122433634918,8.998958096251286e-05,0.0
2026-01-12,4579.10009765625,4620.0,4577.7998046875,4604.2998046875,156,0.0,0.0,0.0,0.0,0,0.0,0.02538805980861092,0.009124122433634918,0.0
2026-01-13,4578.60009765625,4617.10009765625,4578.60009765625,4589.2001953125,239,0.0,0.0,0.0,0.0,1,0.0,-0.0032794583357990126,0.02538805980861092,0.0
2026-01-14,4610.2998046875,4635.0,4608.2001953125,4626.2998046875,1313,0.0,0.0,0.0,0.0,0,0.0,0.00808411221913885,-0.0032794583357990126,0.0
2026-01-15,4612.89990234375,4616.2998046875,4612.89990234375,4616.2998046875,4358,0.0,0.0,0.0,0.0,0,0.0,-0.0021615546813174014,0.00808411221913885,0.0
2026-01-16,4608.0,4608.0,4588.39990234375,4588.39990234375,352,0.0,0.0,0.0,0.0,1,0.0,-0.00604378041378939,-0.0021615546813174014,0.0
2026-01-20,4662.2001953125,4764.0,4661.7998046875,4759.60009765625,175,0.0,0.0,0.0,0.0,1,0.0,0.03731152448701147,-0.00604378041378939,0.0
2026-01-21,4863.5,4872.2998046875,4771.5,4831.7998046875,1706,0.0,0.0,0.0,0.0,1,0.0,0.01516928009704066,0.03731152448701147,0.0
2026-01-22,4791.89990234375,4908.7998046875,4791.89990234375,4908.7998046875,1175,0.0,0.0,0.0,0.0,1,0.0,0.015936090714126827,0.01516928009704066,0.0
2026-01-23,4949.60009765625,4976.2001953125,4936.0,4976.2001953125,169,0.0,0.0,0.0,0.0,1,0.0,0.013730523408316264,0.015936090714126827,0.0
2026-01-26,5081.5,5095.60009765625,5052.2001953125,5079.7001953125,180,0.0,0.0,0.0,0.0,1,0.0,0.02079900243914934,0.013730523408316264,0.0
2026-01-27,5079.89990234375,5079.89990234375,5079.89990234375,5079.89990234375,34,0.0,0.0,0.0,0.0,1,0.0,3.9314727950712225e-05,0.02079900243914934,0.0
2026-01-28,5301.60009765625,5301.60009765625,5301.60009765625,5301.60009765625,112054,0.0,0.0,0.0,0.0,1,0.0,0.043642630676681726,3.9314727950712225e-05,0.0
2026-01-29,5415.7001953125,5586.2001953125,5097.5,5318.39990234375,23709,0.0,0.0,0.0,0.0,0,0.0,0.0031688177867144063,0.043642630676681726,0.0
2026-01-30,5376.39990234375,5440.5,4700.0,4713.89990234375,8374,0.0,0.0,0.0,0.0,0,0.0,-0.11366200569716556,0.0031688177867144063,0.0
2026-02-02,4807.7001953125,4855.7998046875,4400.0,4622.5,3588,0.0,0.0,0.0,0.0,1,0.0,-0.019389444883695095,-0.11366200569716556,0.0
2026-02-03,4680.0,4984.60009765625,4674.2998046875,4903.7001953125,1213,0.0,0.0,0.0,0.0,1,0.0,0.06083292489183334,-0.019389444883695095,0.0
2026-02-04,4923.2998046875,5082.2001953125,4897.89990234375,4920.39990234375,3886,0.0,0.0,0.0,0.0,0,0.0,0.0034055318159975645,0.06083292489183334,0.0
2026-02-05,5008.7001953125,5012.2998046875,4786.0,4861.39990234375,793,0.0,0.0,0.0,0.0,1,0.0,-0.011990895287168901,0.0034055318159975645,0.0
2026-02-06,4762.0,4958.5,4655.0,4951.2001953125,1386,0.0,0.0,0.0,0.0,1,0.0,0.01847210572523683,-0.011990895287168901,0.0
2026-02-09,5017.39990234375,5065.7001953125,4979.10009765625,5050.89990234375,170,0.0,0.0,0.0,0.0,0,0.0,0.020136472592168664,0.01847210572523683,0.0
2026-02-10,5013.5,5029.0,5002.7001953125,5003.7998046875,281,0.0,0.0,0.0,0.0,1,0.0,-0.009325090294185823,0.020136472592168664,0.0
2026-02-11,5049.89990234375,5111.2998046875,5041.2998046875,5071.60009765625,2681,0.0,0.0,0.0,0.0,0,0.0,0.013549761304446184,-0.009325090294185823,0.0
2026-02-12,5060.39990234375,5078.10009765625,4892.0,4923.7001953125,484,0.0,0.0,0.0,0.0,1,0.0,-0.029162374693560533,0.013549761304446184,0.0
2026-02-13,4953.0,5043.89990234375,4946.2001953125,5022.0,232,0.0,0.0,0.0,0.0,0,0.0,0.019964620262842958,-0.029162374693560533,0.0
2026-02-17,5020.0,5020.0,4847.7998046875,4882.89990234375,540,0.0,0.0,0.0,0.0,1,0.0,-0.027698147681451624,0.019964620262842958,0.0
2026-02-18,4872.2001953125,4987.0,4869.5,4986.5,544,0.0,0.0,0.0,0.0,0,0.0,0.021216920217128177,-0.027698147681451624,0.0
2026-02-19,5014.7001953125,5014.7001953125,4975.89990234375,4975.89990234375,37,0.0,0.0,0.0,0.0,1,0.0,-0.0021257590807680637,0.021216920217128177,0.0
2026-02-20,5039.5,5072.7001953125,5039.5,5059.2998046875,134,0.0,0.0,0.0,0.0,1,0.0,0.016760767696405443,-0.0021257590807680637,0.0
2026-02-23,5120.2998046875,5211.60009765625,5120.2998046875,5204.7001953125,779,0.0,0.0,0.0,0.0,0,0.0,0.028739231956620648,0.016760767696405443,0.0
2026-02-24,5158.7998046875,5159.0,5112.7001953125,5155.7998046875,88,0.0,0.0,0.0,0.0,1,0.0,-0.009395428898871239,0.028739231956620648,0.0
2026-02-25,5166.0,5206.39990234375,5166.0,5206.39990234375,1772,0.0,0.0,0.0,0.0,0,0.0,0.00981420915727682,-0.009395428898871239,0.0
2026-02-26,5177.2001953125,5199.2001953125,5143.89990234375,5176.5,1520,0.0,0.0,0.0,0.0,1,0.0,-0.005742913127032345,0.00981420915727682,0.0
2026-02-27,5186.7001953125,5280.0,5176.7001953125,5230.5,354,0.0,0.0,0.0,0.0,1,0.0,0.010431758910460776,-0.005742913127032345,0.0
2026-03-02,5346.60009765625,5405.0,5266.2998046875,5294.39990234375,72,0.0,0.0,0.0,0.0,0,0.0,0.012216786606203955,0.010431758910460776,0.0
2026-03-03,5298.7001953125,5303.7998046875,5023.0,5107.39990234375,1776,0.0,0.0,0.0,0.0,1,0.0,-0.03532033912232768,0.012216786606203955,0.0
2026-03-04,5130.7001953125,5180.2001953125,5117.2001953125,5120.2001953125,679,0.0,0.0,0.0,0.0,0,0.0,0.002506224931178025,-0.03532033912232768,0.0
2026-03-05,5169.5,5169.5,5054.7001953125,5065.2998046875,1701,0.0,0.0,0.0,0.0,1,0.0,-0.010722313294558417,0.002506224931178025,0.0
2026-03-06,5121.0,5146.10009765625,5076.10009765625,5146.10009765625,148,0.0,0.0,0.0,0.0,0,0.0,0.015951729627923683,-0.010722313294558417,0.0
2026-03-09,5155.0,5160.60009765625,5077.7001953125,5091.5,639,0.0,0.0,0.0,0.0,1,0.0,-0.010609995262454652,0.015951729627923683,0.0
2026-03-10,5138.2001953125,5229.7001953125,5137.60009765625,5229.7001953125,4300,0.0,0.0,0.0,0.0,0,0.0,0.02714331637287626,-0.010609995262454652,0.0
2026-03-11,5190.7998046875,5191.2998046875,5167.39990234375,5167.39990234375,633,0.0,0.0,0.0,0.0,0,0.0,-0.011912784794927855,0.02714331637287626,0.0
2026-03-12,5137.2001953125,5137.2001953125,5115.7998046875,5115.7998046875,410,0.0,0.0,0.0,0.0,0,0.0,-0.009985698539191068,-0.011912784794927855,0.0
2026-03-13,5089.60009765625,5117.0,5009.5,5052.5,479,0.0,0.0,0.0,0.0,0,0.0,-0.012373393624492413,-0.009985698539191068,0.0
2026-03-16,5001.60009765625,5010.60009765625,4994.0,4994.0,130,0.0,0.0,0.0,0.0,1,0.0,-0.011578426521523966,-0.012373393624492413,0.0
2026-03-17,5017.60009765625,5017.60009765625,4994.2001953125,5001.0,239,0.0,0.0,0.0,0.0,0,0.0,0.0014016820184221679,-0.011578426521523966,0.0
2026-03-18,4949.60009765625,4949.60009765625,4821.7001953125,4889.89990234375,1461,0.0,0.0,0.0,0.0,0,0.0,-0.02221557641596683,0.0014016820184221679,0.0
2026-03-19,4830.2998046875,4830.2998046875,4554.0,4600.7001953125,627,-0.37210000000000004,-0.7184,-0.0258,2.0,0,0.0,-0.059142255016843004,-0.02221557641596683,-0.05315714285714286
